1495919329	ee:8e:61:69:cb:da	-74	rumba	
1495919329	d7:ab:2a:70:b1:f6	-84	rumba	
1495919329	08:66:98:e6:f3:3f	-66	rumba	
1495919329	98:d6:bb:25:ad:01	-92	rumba	
1495919330	c1:91:01:2e:eb:17	-88	rumba	
1495919330	c0:97:27:13:31:75	-68	rumba	
1495919330	08:66:98:e6:f3:3f	-64	rumba	
1495919330	d0:fe:ca:df:5c:50	-82	rumba	
1495919330	78:4f:43:70:fd:7d	-48	rumba	
1495919330	c0:97:27:13:31:75	-68	rumba	
1495919330	d7:ab:2a:70:b1:f6	-72	rumba	
1495919330	d0:fe:ca:df:5c:50	-84	rumba	
1495919330	65:8f:21:b4:48:41	-94	rumba	
1495919330	ee:8e:61:69:cb:da	-80	rumba	
1495919330	00:07:80:d2:02:15	-76	rumba	
1495919330	d7:ab:2a:70:b1:f6	-76	rumba	
1495919330	13:2e:ef:7f:0c:29	-66	rumba	
1495919330	c0:97:27:13:31:75	-68	rumba	
1495919330	7e:19:4c:f1:d6:a1	-88	rumba	
1495919330	65:8f:21:b4:48:41	-88	rumba	
1495919330	98:d6:bb:25:ad:01	-92	rumba	
1495919330	c0:97:27:13:31:75	-68	rumba	
1495919330	60:03:08:cb:f6:48	-92	rumba	
1495919330	08:66:98:e6:f3:3f	-66	rumba	
1495919330	d7:ab:2a:70:b1:f6	-82	rumba	
1495919330	d0:fe:ca:df:5c:50	-82	rumba	
1495919330	c0:97:27:13:31:75	-68	rumba	
1495919330	78:4f:43:70:fd:7d	-54	rumba	
1495919330	4d:0b:1e:74:d2:ae	-60	rumba	
1495919330	d7:ab:2a:70:b1:f6	-74	rumba	
1495919330	d0:fe:ca:df:5c:50	-86	rumba	
1495919330	ee:8e:61:69:cb:da	-82	rumba	
1495919330	c0:97:27:13:31:75	-68	rumba	
1495919330	d7:ab:2a:70:b1:f6	-76	rumba	
1495919330	7e:19:4c:f1:d6:a1	-94	rumba	
1495919330	13:2e:ef:7f:0c:29	-66	rumba	
1495919330	ee:8e:61:69:cb:da	-74	rumba	
1495919330	c1:91:01:2e:eb:17	-90	rumba	
1495919330	78:4f:43:70:fd:7d	-50	rumba	
1495919331	65:8f:21:b4:48:41	-94	rumba	
1495919331	69:81:47:6b:5e:bd	-50	rumba	
1495919331	d7:ab:2a:70:b1:f6	-74	rumba	
1495919331	2c:b4:3a:1a:47:3d	-82	rumba	
1495919331	d0:fe:ca:df:5c:50	-86	rumba	
1495919331	ee:8e:61:69:cb:da	-82	rumba	
1495919331	c1:91:01:2e:eb:17	-92	rumba	
1495919331	08:66:98:e6:f3:3f	-64	rumba	
1495919331	d7:ab:2a:70:b1:f6	-76	rumba	
1495919331	e3:3a:0e:40:fa:90	-80	rumba	
1495919331	ee:8e:61:69:cb:da	-74	rumba	
1495919331	13:2e:ef:7f:0c:29	-64	rumba	
1495919331	c1:91:01:2e:eb:17	-90	rumba	
1495919331	4d:0b:1e:74:d2:ae	-60	rumba	
1495919331	78:4f:43:70:fd:7d	-50	rumba	
1495919331	7e:19:4c:f1:d6:a1	-84	rumba	
1495919331	69:81:47:6b:5e:bd	-50	rumba	
1495919331	c1:91:01:2e:eb:17	-86	rumba	
1495919331	65:8f:21:b4:48:41	-94	rumba	
1495919331	d7:ab:2a:70:b1:f6	-72	rumba	
1495919331	c1:91:01:2e:eb:17	-92	rumba	
1495919331	d7:ab:2a:70:b1:f6	-76	rumba	
1495919331	08:66:98:e6:f3:3f	-66	rumba	
1495919332	65:8f:21:b4:48:41	-94	rumba	
1495919332	78:4f:43:70:fd:7d	-54	rumba	
1495919332	2c:b4:3a:1a:47:3d	-82	rumba	
1495919332	4d:0b:1e:74:d2:ae	-60	rumba	
1495919332	d7:ab:2a:70:b1:f6	-72	rumba	
1495919332	ee:8e:61:69:cb:da	-80	rumba	
1495919332	7e:19:4c:f1:d6:a1	-96	rumba	
1495919332	00:07:80:d2:02:5b	-90	rumba	
1495919332	69:81:47:6b:5e:bd	-54	rumba	
1495919332	65:8f:21:b4:48:41	-94	rumba	
1495919332	00:07:80:c6:28:93	-82	rumba	
1495919332	08:66:98:e6:f3:3f	-66	rumba	
1495919332	c0:97:27:13:31:75	-64	rumba	
1495919332	13:2e:ef:7f:0c:29	-66	rumba	
1495919332	d0:fe:ca:df:5c:50	-84	rumba	
1495919332	2c:b4:3a:1a:47:3d	-82	rumba	
1495919332	78:4f:43:70:fd:7d	-50	rumba	
1495919332	4d:0b:1e:74:d2:ae	-60	rumba	
1495919332	d7:ab:2a:70:b1:f6	-74	rumba	
1495919332	ee:8e:61:69:cb:da	-80	rumba	
1495919332	d7:ab:2a:70:b1:f6	-76	rumba	
1495919332	13:2e:ef:7f:0c:29	-64	rumba	
1495919332	d0:fe:ca:df:5c:50	-82	rumba	
1495919332	c0:97:27:13:31:75	-64	rumba	
1495919332	69:81:47:6b:5e:bd	-50	rumba	
1495919333	78:4f:43:70:fd:7d	-50	rumba	
1495919333	c1:91:01:2e:eb:17	-90	rumba	
1495919333	7e:19:4c:f1:d6:a1	-94	rumba	
1495919333	78:4f:43:70:fd:7d	-54	rumba	
1495919333	69:81:47:6b:5e:bd	-50	rumba	
1495919333	13:2e:ef:7f:0c:29	-64	rumba	
1495919333	78:4f:43:70:fd:7d	-50	rumba	
1495919333	69:81:47:6b:5e:bd	-50	rumba	
1495919333	78:4f:43:70:fd:7d	-50	rumba	
1495919333	ee:8e:61:69:cb:da	-80	rumba	
1495919333	08:66:98:e6:f3:3f	-66	rumba	
1495919333	69:81:47:6b:5e:bd	-50	rumba	
1495919333	d0:fe:ca:df:5c:50	-82	rumba	
1495919333	7e:19:4c:f1:d6:a1	-94	rumba	
1495919333	ee:8e:61:69:cb:da	-74	rumba	
1495919333	78:4f:43:70:fd:7d	-52	rumba	
1495919333	69:81:47:6b:5e:bd	-54	rumba	
1495919333	ee:8e:61:69:cb:da	-78	rumba	
1495919333	98:d6:bb:25:ad:01	-90	rumba	
1495919333	69:81:47:6b:5e:bd	-52	rumba	
1495919333	7e:19:4c:f1:d6:a1	-94	rumba	
1495919333	78:4f:43:70:fd:7d	-52	rumba	
1495919333	60:03:08:cb:f6:48	-92	rumba	
1495919333	69:81:47:6b:5e:bd	-50	rumba	
1495919333	7e:19:4c:f1:d6:a1	-86	rumba	
1495919333	65:8f:21:b4:48:41	-86	rumba	
1495919333	13:2e:ef:7f:0c:29	-66	rumba	
1495919333	69:81:47:6b:5e:bd	-54	rumba	
1495919333	4d:0b:1e:74:d2:ae	-62	rumba	
1495919333	00:07:80:c6:27:e7	-86	rumba	
1495919333	69:81:47:6b:5e:bd	-52	rumba	
1495919333	78:4f:43:70:fd:7d	-50	rumba	
1495919333	65:8f:21:b4:48:41	-90	rumba	
1495919333	69:81:47:6b:5e:bd	-48	rumba	
1495919333	78:4f:43:70:fd:7d	-50	rumba	
1495919333	2c:b4:3a:1a:47:3d	-82	rumba	
1495919333	7e:19:4c:f1:d6:a1	-94	rumba	
1495919333	d0:fe:ca:df:5c:50	-84	rumba	
1495919333	78:4f:43:70:fd:7d	-50	rumba	
1495919333	69:81:47:6b:5e:bd	-50	rumba	
1495919333	78:4f:43:70:fd:7d	-48	rumba	
1495919333	69:81:47:6b:5e:bd	-48	rumba	
1495919334	d7:ab:2a:70:b1:f6	-72	rumba	
1495919334	e3:3a:0e:40:fa:90	-74	rumba	
1495919334	d0:fe:ca:df:5c:50	-84	rumba	
1495919334	65:8f:21:b4:48:41	-96	rumba	
1495919334	ee:8e:61:69:cb:da	-80	rumba	
1495919334	69:81:47:6b:5e:bd	-54	rumba	
1495919334	78:4f:43:70:fd:7d	-54	rumba	
1495919334	d7:ab:2a:70:b1:f6	-76	rumba	
1495919334	08:66:98:e6:f3:3f	-66	rumba	
1495919334	78:4f:43:70:fd:7d	-50	rumba	
1495919334	13:2e:ef:7f:0c:29	-66	rumba	
1495919334	4d:0b:1e:74:d2:ae	-60	rumba	
1495919334	69:81:47:6b:5e:bd	-54	rumba	
1495919334	78:4f:43:70:fd:7d	-50	rumba	
1495919334	c0:97:27:13:31:75	-66	rumba	
1495919334	78:4f:43:70:fd:7d	-50	rumba	
1495919334	13:2e:ef:7f:0c:29	-64	rumba	
1495919334	78:4f:43:70:fd:7d	-54	rumba	
1495919334	78:4f:43:70:fd:7d	-50	rumba	
1495919334	00:07:80:a3:98:39	-86	rumba	
1495919334	c0:97:27:13:31:75	-66	rumba	
1495919334	69:81:47:6b:5e:bd	-54	rumba	
1495919334	78:4f:43:70:fd:7d	-48	rumba	
1495919334	c0:97:27:13:31:75	-66	rumba	
1495919334	69:81:47:6b:5e:bd	-50	rumba	
1495919334	08:66:98:e6:f3:3f	-64	rumba	
1495919334	78:4f:43:70:fd:7d	-50	rumba	
1495919334	7e:19:4c:f1:d6:a1	-94	rumba	
1495919334	d0:fe:ca:df:5c:50	-84	rumba	
1495919334	69:81:47:6b:5e:bd	-54	rumba	
1495919334	13:2e:ef:7f:0c:29	-64	rumba	
1495919334	4d:0b:1e:74:d2:ae	-60	rumba	
1495919334	c0:97:27:13:31:75	-66	rumba	
1495919334	78:4f:43:70:fd:7d	-54	rumba	
1495919334	d0:fe:ca:df:5c:50	-84	rumba	
1495919334	98:d6:bb:25:ad:01	-92	rumba	
1495919334	13:2e:ef:7f:0c:29	-66	rumba	
1495919334	2c:b4:3a:1a:47:3d	-82	rumba	
1495919335	d7:ab:2a:70:b1:f6	-76	rumba	
1495919335	ee:8e:61:69:cb:da	-74	rumba	
1495919335	df:31:a7:d4:1a:00	-92	rumba	
1495919335	08:66:98:e6:f3:3f	-66	rumba	
1495919335	d7:ab:2a:70:b1:f6	-84	rumba	
1495919335	d0:fe:ca:df:5c:50	-84	rumba	
1495919335	65:8f:21:b4:48:41	-88	rumba	
1495919335	ee:8e:61:69:cb:da	-78	rumba	
1495919335	4d:0b:1e:74:d2:ae	-62	rumba	
1495919335	69:81:47:6b:5e:bd	-52	rumba	
1495919335	08:66:98:e6:f3:3f	-66	rumba	
1495919335	69:81:47:6b:5e:bd	-52	rumba	
1495919335	c1:91:01:2e:eb:17	-88	rumba	
1495919335	2c:b4:3a:1a:47:3d	-82	rumba	
1495919335	4d:0b:1e:74:d2:ae	-60	rumba	
1495919335	69:81:47:6b:5e:bd	-50	rumba	
1495919335	78:4f:43:70:fd:7d	-54	rumba	
1495919335	69:81:47:6b:5e:bd	-54	rumba	
1495919335	d7:ab:2a:70:b1:f6	-72	rumba	
1495919335	78:4f:43:70:fd:7d	-50	rumba	
1495919335	ee:8e:61:69:cb:da	-76	rumba	
1495919335	69:81:47:6b:5e:bd	-52	rumba	
1495919335	78:4f:43:70:fd:7d	-52	rumba	
1495919335	78:4f:43:70:fd:7d	-50	rumba	
1495919335	69:81:47:6b:5e:bd	-54	rumba	
1495919335	78:4f:43:70:fd:7d	-54	rumba	
1495919335	08:66:98:e6:f3:3f	-64	rumba	
1495919335	69:81:47:6b:5e:bd	-52	rumba	
1495919336	c1:91:01:2e:eb:17	-86	rumba	
1495919336	7e:19:4c:f1:d6:a1	-94	rumba	
1495919336	13:2e:ef:7f:0c:29	-64	rumba	
1495919336	78:4f:43:70:fd:7d	-52	rumba	
1495919336	2c:b4:3a:1a:47:3d	-86	rumba	
1495919336	69:81:47:6b:5e:bd	-48	rumba	
1495919336	d0:fe:ca:df:5c:50	-84	rumba	
1495919336	69:81:47:6b:5e:bd	-50	rumba	
1495919336	78:4f:43:70:fd:7d	-52	rumba	
1495919336	d7:ab:2a:70:b1:f6	-84	rumba	
1495919336	08:66:98:e6:f3:3f	-64	rumba	
1495919336	ee:8e:61:69:cb:da	-78	rumba	
1495919336	d7:ab:2a:70:b1:f6	-74	rumba	
1495919336	78:4f:43:70:fd:7d	-52	rumba	
1495919336	d0:fe:ca:df:5c:50	-82	rumba	
1495919336	65:8f:21:b4:48:41	-94	rumba	
1495919336	c0:97:27:13:31:75	-68	rumba	
1495919336	d7:ab:2a:70:b1:f6	-76	rumba	
1495919336	69:81:47:6b:5e:bd	-50	rumba	
1495919336	c1:91:01:2e:eb:17	-88	rumba	
1495919336	78:4f:43:70:fd:7d	-54	rumba	
1495919336	13:2e:ef:7f:0c:29	-66	rumba	
1495919336	c0:97:27:13:31:75	-68	rumba	
1495919336	78:4f:43:70:fd:7d	-52	rumba	
1495919336	69:81:47:6b:5e:bd	-52	rumba	
1495919336	69:81:47:6b:5e:bd	-50	rumba	
1495919336	78:4f:43:70:fd:7d	-52	rumba	
1495919336	08:66:98:e6:f3:3f	-66	rumba	
1495919336	69:81:47:6b:5e:bd	-48	rumba	
1495919336	d0:fe:ca:df:5c:50	-84	rumba	
1495919336	78:4f:43:70:fd:7d	-50	rumba	
1495919337	d7:ab:2a:70:b1:f6	-76	rumba	
1495919337	c1:91:01:2e:eb:17	-88	rumba	
1495919337	08:66:98:e6:f3:3f	-66	rumba	
1495919337	78:4f:43:70:fd:7d	-50	rumba	
1495919337	69:81:47:6b:5e:bd	-50	rumba	
1495919337	78:4f:43:70:fd:7d	-50	rumba	
1495919337	2c:b4:3a:1a:47:3d	-82	rumba	
1495919337	c0:97:27:13:31:75	-68	rumba	
1495919337	7e:19:4c:f1:d6:a1	-88	rumba	
1495919337	65:8f:21:b4:48:41	-88	rumba	
1495919337	c1:91:01:2e:eb:17	-86	rumba	
1495919337	78:4f:43:70:fd:7d	-54	rumba	
1495919337	78:4f:43:70:fd:7d	-52	rumba	
1495919337	69:81:47:6b:5e:bd	-50	rumba	
1495919337	c1:91:01:2e:eb:17	-92	rumba	
1495919337	69:81:47:6b:5e:bd	-54	rumba	
1495919337	c0:97:27:13:31:75	-68	rumba	
1495919337	d0:fe:ca:df:5c:50	-86	rumba	
1495919337	d7:ab:2a:70:b1:f6	-74	rumba	
1495919337	c1:91:01:2e:eb:17	-90	rumba	
1495919337	65:8f:21:b4:48:41	-94	rumba	
1495919337	c0:97:27:13:31:75	-68	rumba	
1495919337	4d:0b:1e:74:d2:ae	-60	rumba	
1495919337	d7:ab:2a:70:b1:f6	-76	rumba	
1495919337	08:66:98:e6:f3:3f	-64	rumba	
1495919337	d7:ab:2a:70:b1:f6	-84	rumba	
1495919337	c0:97:27:13:31:75	-68	rumba	
1495919337	13:2e:ef:7f:0c:29	-64	rumba	
1495919337	2c:b4:3a:1a:47:3d	-86	rumba	
1495919337	d0:fe:ca:df:5c:50	-84	rumba	
1495919337	e3:3a:0e:40:fa:90	-80	rumba	
1495919337	69:81:47:6b:5e:bd	-52	rumba	
1495919337	d0:fe:ca:df:5c:50	-86	rumba	
1495919338	ee:8e:61:69:cb:da	-82	rumba	
1495919338	d7:ab:2a:70:b1:f6	-76	rumba	
1495919338	4d:0b:1e:74:d2:ae	-60	rumba	
1495919338	60:03:08:cb:f6:48	-92	rumba	
1495919338	08:66:98:e6:f3:3f	-66	rumba	
1495919338	ee:8e:61:69:cb:da	-78	rumba	
1495919338	2c:b4:3a:1a:47:3d	-82	rumba	
1495919338	78:4f:43:70:fd:7d	-50	rumba	
1495919338	65:8f:21:b4:48:41	-88	rumba	
1495919338	98:d6:bb:25:ad:01	-90	rumba	
1495919338	13:2e:ef:7f:0c:29	-66	rumba	
1495919338	4d:0b:1e:74:d2:ae	-62	rumba	
1495919338	65:8f:21:b4:48:41	-94	rumba	
1495919338	d0:fe:ca:df:5c:50	-84	rumba	
1495919338	13:2e:ef:7f:0c:29	-66	rumba	
1495919338	78:4f:43:70:fd:7d	-50	rumba	
1495919338	ee:8e:61:69:cb:da	-82	rumba	
1495919338	c0:97:27:13:31:75	-64	rumba	
1495919338	65:8f:21:b4:48:41	-88	rumba	
1495919338	13:2e:ef:7f:0c:29	-64	rumba	
1495919339	c0:97:27:13:31:75	-64	rumba	
1495919339	c1:91:01:2e:eb:17	-90	rumba	
1495919339	d0:fe:ca:df:5c:50	-82	rumba	
1495919339	69:81:47:6b:5e:bd	-52	rumba	
1495919339	4d:0b:1e:74:d2:ae	-60	rumba	
1495919339	df:31:a7:d4:1a:00	-84	rumba	
1495919339	d7:ab:2a:70:b1:f6	-82	rumba	
1495919339	ee:8e:61:69:cb:da	-80	rumba	
1495919339	d7:ab:2a:70:b1:f6	-74	rumba	
1495919339	7e:19:4c:f1:d6:a1	-88	rumba	
1495919339	ee:8e:61:69:cb:da	-82	rumba	
1495919339	78:4f:43:70:fd:7d	-52	rumba	
1495919339	69:81:47:6b:5e:bd	-50	rumba	
1495919339	08:66:98:e6:f3:3f	-66	rumba	
1495919339	65:8f:21:b4:48:41	-90	rumba	
1495919339	98:d6:bb:25:ad:01	-92	rumba	
1495919339	13:2e:ef:7f:0c:29	-66	rumba	
1495919339	d0:fe:ca:df:5c:50	-82	rumba	
1495919339	78:4f:43:70:fd:7d	-52	rumba	
1495919339	69:81:47:6b:5e:bd	-52	rumba	
1495919339	4d:0b:1e:74:d2:ae	-58	rumba	
1495919339	60:03:08:cb:f6:48	-92	rumba	
1495919339	ee:8e:61:69:cb:da	-78	rumba	
1495919339	d0:fe:ca:df:5c:50	-86	rumba	
1495919339	08:66:98:e6:f3:3f	-66	rumba	
1495919339	c1:91:01:2e:eb:17	-88	rumba	
1495919339	2c:b4:3a:1a:47:3d	-80	rumba	
1495919339	78:4f:43:70:fd:7d	-52	rumba	
1495919339	78:4f:43:70:fd:7d	-52	rumba	
1495919340	13:2e:ef:7f:0c:29	-66	rumba	
1495919340	78:4f:43:70:fd:7d	-54	rumba	
1495919340	69:81:47:6b:5e:bd	-54	rumba	
1495919340	d0:fe:ca:df:5c:50	-84	rumba	
1495919340	69:81:47:6b:5e:bd	-52	rumba	
1495919340	78:4f:43:70:fd:7d	-52	rumba	
1495919340	08:66:98:e6:f3:3f	-66	rumba	
1495919340	7e:19:4c:f1:d6:a1	-86	rumba	
1495919340	c1:91:01:2e:eb:17	-86	rumba	
1495919340	e3:3a:0e:40:fa:90	-74	rumba	
1495919340	78:4f:43:70:fd:7d	-50	rumba	
1495919340	2c:b4:3a:1a:47:3d	-82	rumba	
1495919340	d7:ab:2a:70:b1:f6	-76	rumba	
1495919340	ee:8e:61:69:cb:da	-74	rumba	
1495919340	13:2e:ef:7f:0c:29	-64	rumba	
1495919340	ee:8e:61:69:cb:da	-80	rumba	
1495919340	00:07:80:c6:28:93	-84	rumba	
1495919340	c1:91:01:2e:eb:17	-90	rumba	
1495919340	d0:fe:ca:df:5c:50	-86	rumba	
1495919340	d7:ab:2a:70:b1:f6	-74	rumba	
1495919340	c1:91:01:2e:eb:17	-88	rumba	
1495919341	ee:8e:61:69:cb:da	-76	rumba	
1495919341	c1:91:01:2e:eb:17	-90	rumba	
1495919341	00:07:80:c6:27:c2	-88	rumba	
1495919341	ee:8e:61:69:cb:da	-80	rumba	
1495919341	65:8f:21:b4:48:41	-96	rumba	
1495919341	c0:97:27:13:31:75	-66	rumba	
1495919341	13:2e:ef:7f:0c:29	-66	rumba	
1495919341	d0:fe:ca:df:5c:50	-84	rumba	
1495919341	4d:0b:1e:74:d2:ae	-60	rumba	
1495919341	2c:b4:3a:1a:47:3d	-86	rumba	
1495919341	d7:ab:2a:70:b1:f6	-74	rumba	
1495919341	60:03:08:cb:f6:48	-92	rumba	
1495919341	c0:97:27:13:31:75	-66	rumba	
1495919341	d7:ab:2a:70:b1:f6	-76	rumba	
1495919341	4d:0b:1e:74:d2:ae	-62	rumba	
1495919341	65:8f:21:b4:48:41	-88	rumba	
1495919341	69:81:47:6b:5e:bd	-50	rumba	
1495919341	69:81:47:6b:5e:bd	-50	rumba	
1495919341	ee:8e:61:69:cb:da	-82	rumba	
1495919341	d0:fe:ca:df:5c:50	-84	rumba	
1495919341	08:66:98:e6:f3:3f	-66	rumba	
1495919341	65:8f:21:b4:48:41	-96	rumba	
1495919341	13:2e:ef:7f:0c:29	-64	rumba	
1495919341	d0:fe:ca:df:5c:50	-86	rumba	
1495919341	4d:0b:1e:74:d2:ae	-62	rumba	
1495919341	2c:b4:3a:1a:47:3d	-82	rumba	
1495919342	c1:91:01:2e:eb:17	-88	rumba	
1495919342	78:4f:43:70:fd:7d	-54	rumba	
1495919342	69:81:47:6b:5e:bd	-54	rumba	
1495919342	08:66:98:e6:f3:3f	-66	rumba	
1495919342	98:d6:bb:25:ad:01	-92	rumba	
1495919342	13:2e:ef:7f:0c:29	-66	rumba	
1495919342	4d:0b:1e:74:d2:ae	-60	rumba	
1495919342	78:4f:43:70:fd:7d	-52	rumba	
1495919342	78:4f:43:70:fd:7d	-52	rumba	
1495919342	69:81:47:6b:5e:bd	-50	rumba	
1495919342	98:d6:bb:25:ad:01	-94	rumba	
1495919342	d0:fe:ca:df:5c:50	-84	rumba	
1495919342	69:81:47:6b:5e:bd	-52	rumba	
1495919342	d0:fe:ca:df:5c:50	-84	rumba	
1495919342	7e:19:4c:f1:d6:a1	-94	rumba	
1495919342	78:4f:43:70:fd:7d	-48	rumba	
1495919342	ee:8e:61:69:cb:da	-78	rumba	
1495919342	c1:91:01:2e:eb:17	-88	rumba	
1495919342	c0:97:27:13:31:75	-70	rumba	
1495919342	08:66:98:e6:f3:3f	-64	rumba	
1495919342	65:8f:21:b4:48:41	-96	rumba	
1495919342	13:2e:ef:7f:0c:29	-66	rumba	
1495919342	c1:91:01:2e:eb:17	-90	rumba	
1495919342	d7:ab:2a:70:b1:f6	-84	rumba	
1495919342	4d:0b:1e:74:d2:ae	-60	rumba	
1495919342	2c:b4:3a:1a:47:3d	-86	rumba	
1495919342	c0:97:27:13:31:75	-72	rumba	
1495919342	00:07:80:c6:27:c1	-88	rumba	
1495919342	d7:ab:2a:70:b1:f6	-74	rumba	
1495919342	7e:19:4c:f1:d6:a1	-88	rumba	
1495919342	65:8f:21:b4:48:41	-88	rumba	
1495919342	78:4f:43:70:fd:7d	-50	rumba	
1495919342	d0:fe:ca:df:5c:50	-84	rumba	
1495919342	c0:97:27:13:31:75	-72	rumba	
1495919342	df:31:a7:d4:1a:00	-88	rumba	
1495919342	d7:ab:2a:70:b1:f6	-76	rumba	
1495919342	d0:fe:ca:df:5c:50	-84	rumba	
1495919343	c0:97:27:13:31:75	-68	rumba	
1495919343	c1:91:01:2e:eb:17	-86	rumba	
1495919343	d0:fe:ca:df:5c:50	-84	rumba	
1495919343	60:03:08:cb:f6:48	-92	rumba	
1495919343	ee:8e:61:69:cb:da	-80	rumba	
1495919343	c0:97:27:13:31:75	-70	rumba	
1495919343	13:2e:ef:7f:0c:29	-64	rumba	
1495919343	65:8f:21:b4:48:41	-94	rumba	
1495919343	d7:ab:2a:70:b1:f6	-72	rumba	
1495919343	c0:97:27:13:31:75	-68	rumba	
1495919343	d7:ab:2a:70:b1:f6	-76	rumba	
1495919343	ee:8e:61:69:cb:da	-76	rumba	
1495919343	c0:97:27:13:31:75	-68	rumba	
1495919343	d0:fe:ca:df:5c:50	-84	rumba	
1495919343	69:81:47:6b:5e:bd	-52	rumba	
1495919343	ee:8e:61:69:cb:da	-78	rumba	
1495919343	d0:fe:ca:df:5c:50	-82	rumba	
1495919343	2c:b4:3a:1a:47:3d	-80	rumba	
1495919343	7e:19:4c:f1:d6:a1	-94	rumba	
1495919343	65:8f:21:b4:48:41	-94	rumba	
1495919343	d0:fe:ca:df:5c:50	-84	rumba	
1495919343	d7:ab:2a:70:b1:f6	-82	rumba	
1495919343	13:2e:ef:7f:0c:29	-68	rumba	
1495919343	4d:0b:1e:74:d2:ae	-60	rumba	
1495919343	d0:fe:ca:df:5c:50	-84	rumba	
1495919343	65:8f:21:b4:48:41	-94	rumba	
1495919343	d7:ab:2a:70:b1:f6	-72	rumba	
1495919343	08:66:98:e6:f3:3f	-64	rumba	
1495919343	98:d6:bb:25:ad:01	-90	rumba	
1495919343	d7:ab:2a:70:b1:f6	-76	rumba	
1495919344	65:8f:21:b4:48:41	-86	rumba	
1495919344	ee:8e:61:69:cb:da	-78	rumba	
1495919344	69:81:47:6b:5e:bd	-50	rumba	
1495919344	78:4f:43:70:fd:7d	-50	rumba	
1495919344	7e:19:4c:f1:d6:a1	-96	rumba	
1495919344	13:2e:ef:7f:0c:29	-70	rumba	
1495919344	d0:fe:ca:df:5c:50	-84	rumba	
1495919344	c1:91:01:2e:eb:17	-90	rumba	
1495919344	e3:3a:0e:40:fa:90	-80	rumba	
1495919344	d7:ab:2a:70:b1:f6	-74	rumba	
1495919344	08:66:98:e6:f3:3f	-68	rumba	
1495919344	65:8f:21:b4:48:41	-96	rumba	
1495919344	c1:91:01:2e:eb:17	-88	rumba	
1495919344	d0:fe:ca:df:5c:50	-82	rumba	
1495919344	7e:19:4c:f1:d6:a1	-96	rumba	
1495919344	65:8f:21:b4:48:41	-94	rumba	
1495919344	c1:91:01:2e:eb:17	-90	rumba	
1495919344	13:2e:ef:7f:0c:29	-66	rumba	
1495919344	69:81:47:6b:5e:bd	-54	rumba	
1495919344	78:4f:43:70:fd:7d	-54	rumba	
1495919344	00:07:80:d2:02:15	-76	rumba	
1495919344	ee:8e:61:69:cb:da	-76	rumba	
1495919344	13:2e:ef:7f:0c:29	-66	rumba	
1495919344	69:81:47:6b:5e:bd	-52	rumba	
1495919344	d0:fe:ca:df:5c:50	-84	rumba	
1495919344	08:66:98:e6:f3:3f	-66	rumba	
1495919344	d7:ab:2a:70:b1:f6	-76	rumba	
1495919345	c1:91:01:2e:eb:17	-90	rumba	
1495919345	d0:fe:ca:df:5c:50	-82	rumba	
1495919345	7e:19:4c:f1:d6:a1	-94	rumba	
1495919345	78:4f:43:70:fd:7d	-52	rumba	
1495919345	4d:0b:1e:74:d2:ae	-60	rumba	
1495919345	d0:fe:ca:df:5c:50	-84	rumba	
1495919345	7e:19:4c:f1:d6:a1	-94	rumba	
1495919345	65:8f:21:b4:48:41	-96	rumba	
1495919345	13:2e:ef:7f:0c:29	-68	rumba	
1495919345	69:81:47:6b:5e:bd	-52	rumba	
1495919345	d7:ab:2a:70:b1:f6	-72	rumba	
1495919345	c0:97:27:13:31:75	-64	rumba	
1495919345	c1:91:01:2e:eb:17	-86	rumba	
1495919345	7e:19:4c:f1:d6:a1	-92	rumba	
1495919345	c0:97:27:13:31:75	-62	rumba	
1495919345	ee:8e:61:69:cb:da	-78	rumba	
1495919345	c0:97:27:13:31:75	-62	rumba	
1495919345	69:81:47:6b:5e:bd	-52	rumba	
1495919345	d0:fe:ca:df:5c:50	-82	rumba	
1495919345	4d:0b:1e:74:d2:ae	-62	rumba	
1495919345	2c:b4:3a:1a:47:3d	-86	rumba	
1495919345	d7:ab:2a:70:b1:f6	-84	rumba	
1495919345	c0:97:27:13:31:75	-62	rumba	
1495919345	13:2e:ef:7f:0c:29	-64	rumba	
1495919345	78:4f:43:70:fd:7d	-54	rumba	
1495919345	ee:8e:61:69:cb:da	-82	rumba	
1495919345	c1:91:01:2e:eb:17	-86	rumba	
1495919346	c0:97:27:13:31:75	-62	rumba	
1495919346	08:66:98:e6:f3:3f	-66	rumba	
1495919346	65:8f:21:b4:48:41	-94	rumba	
1495919346	ee:8e:61:69:cb:da	-76	rumba	
1495919346	98:d6:bb:25:ad:01	-92	rumba	
1495919346	13:2e:ef:7f:0c:29	-66	rumba	
1495919346	ee:8e:61:69:cb:da	-78	rumba	
1495919346	d7:ab:2a:70:b1:f6	-76	rumba	
1495919346	65:8f:21:b4:48:41	-86	rumba	
1495919346	d7:ab:2a:70:b1:f6	-84	rumba	
1495919346	65:8f:21:b4:48:41	-88	rumba	
1495919346	d0:fe:ca:df:5c:50	-82	rumba	
1495919346	13:2e:ef:7f:0c:29	-64	rumba	
1495919346	78:4f:43:70:fd:7d	-52	rumba	
1495919346	4d:0b:1e:74:d2:ae	-60	rumba	
1495919346	c1:91:01:2e:eb:17	-92	rumba	
1495919346	08:66:98:e6:f3:3f	-64	rumba	
1495919346	00:07:80:d2:02:5b	-90	rumba	
1495919346	13:2e:ef:7f:0c:29	-68	rumba	
1495919346	65:8f:21:b4:48:41	-96	rumba	
1495919346	69:81:47:6b:5e:bd	-52	rumba	
1495919346	4d:0b:1e:74:d2:ae	-60	rumba	
1495919346	7e:19:4c:f1:d6:a1	-94	rumba	
1495919346	e3:3a:0e:40:fa:90	-74	rumba	
1495919346	2c:b4:3a:1a:47:3d	-80	rumba	
1495919346	08:66:98:e6:f3:3f	-62	rumba	
1495919346	d7:ab:2a:70:b1:f6	-74	rumba	
1495919347	65:8f:21:b4:48:41	-88	rumba	
1495919347	78:4f:43:70:fd:7d	-50	rumba	
1495919347	d7:ab:2a:70:b1:f6	-76	rumba	
1495919347	08:66:98:e6:f3:3f	-64	rumba	
1495919347	13:2e:ef:7f:0c:29	-64	rumba	
1495919347	c1:91:01:2e:eb:17	-90	rumba	
1495919347	c0:97:27:13:31:75	-66	rumba	
1495919347	2c:b4:3a:1a:47:3d	-80	rumba	
1495919347	d0:fe:ca:df:5c:50	-84	rumba	
1495919347	60:03:08:cb:f6:48	-92	rumba	
1495919347	ee:8e:61:69:cb:da	-80	rumba	
1495919347	c1:91:01:2e:eb:17	-88	rumba	
1495919347	d7:ab:2a:70:b1:f6	-82	rumba	
1495919347	c0:97:27:13:31:75	-64	rumba	
1495919347	4d:0b:1e:74:d2:ae	-62	rumba	
1495919347	ee:8e:61:69:cb:da	-76	rumba	
1495919347	7e:19:4c:f1:d6:a1	-94	rumba	
1495919347	65:8f:21:b4:48:41	-94	rumba	
1495919347	c0:97:27:13:31:75	-66	rumba	
1495919347	78:4f:43:70:fd:7d	-56	rumba	
1495919347	7e:19:4c:f1:d6:a1	-94	rumba	
1495919347	08:66:98:e6:f3:3f	-68	rumba	
1495919347	d0:fe:ca:df:5c:50	-84	rumba	
1495919347	ee:8e:61:69:cb:da	-78	rumba	
1495919347	c1:91:01:2e:eb:17	-90	rumba	
1495919347	13:2e:ef:7f:0c:29	-64	rumba	
1495919347	98:d6:bb:25:ad:01	-94	rumba	
1495919347	2c:b4:3a:1a:47:3d	-84	rumba	
1495919347	d7:ab:2a:70:b1:f6	-84	rumba	
1495919347	7e:19:4c:f1:d6:a1	-94	rumba	
1495919347	4d:0b:1e:74:d2:ae	-60	rumba	
1495919348	ee:8e:61:69:cb:da	-82	rumba	
1495919348	00:07:80:c6:27:e7	-86	rumba	
1495919348	78:4f:43:70:fd:7d	-52	rumba	
1495919348	d0:fe:ca:df:5c:50	-84	rumba	
1495919348	4d:0b:1e:74:d2:ae	-60	rumba	
1495919348	c1:91:01:2e:eb:17	-92	rumba	
1495919348	ee:8e:61:69:cb:da	-76	rumba	
1495919348	08:66:98:e6:f3:3f	-64	rumba	
1495919348	c1:91:01:2e:eb:17	-90	rumba	
1495919348	13:2e:ef:7f:0c:29	-68	rumba	
1495919348	98:d6:bb:25:ad:01	-90	rumba	
1495919348	d0:fe:ca:df:5c:50	-84	rumba	
1495919348	13:2e:ef:7f:0c:29	-64	rumba	
1495919348	65:8f:21:b4:48:41	-86	rumba	
1495919348	d0:fe:ca:df:5c:50	-86	rumba	
1495919348	c1:91:01:2e:eb:17	-86	rumba	
1495919348	ee:8e:61:69:cb:da	-82	rumba	
1495919348	7e:19:4c:f1:d6:a1	-94	rumba	
1495919348	78:4f:43:70:fd:7d	-50	rumba	
1495919348	4d:0b:1e:74:d2:ae	-62	rumba	
1495919348	13:2e:ef:7f:0c:29	-62	rumba	
1495919348	69:81:47:6b:5e:bd	-50	rumba	
1495919348	00:07:80:c6:28:93	-80	rumba	
1495919348	7e:19:4c:f1:d6:a1	-94	rumba	
1495919349	d0:fe:ca:df:5c:50	-82	rumba	
1495919349	2c:b4:3a:1a:47:3d	-82	rumba	
1495919349	7e:19:4c:f1:d6:a1	-94	rumba	
1495919349	c0:97:27:13:31:75	-74	rumba	
1495919349	78:4f:43:70:fd:7d	-52	rumba	
1495919349	4d:0b:1e:74:d2:ae	-60	rumba	
1495919349	d7:ab:2a:70:b1:f6	-84	rumba	
1495919349	c1:91:01:2e:eb:17	-88	rumba	
1495919349	08:66:98:e6:f3:3f	-68	rumba	
1495919349	65:8f:21:b4:48:41	-94	rumba	
1495919349	c0:97:27:13:31:75	-72	rumba	
1495919349	13:2e:ef:7f:0c:29	-64	rumba	
1495919349	d0:fe:ca:df:5c:50	-82	rumba	
1495919349	ee:8e:61:69:cb:da	-76	rumba	
1495919349	08:66:98:e6:f3:3f	-64	rumba	
1495919349	c0:97:27:13:31:75	-70	rumba	
1495919349	65:8f:21:b4:48:41	-88	rumba	
1495919349	d7:ab:2a:70:b1:f6	-76	rumba	
1495919349	4d:0b:1e:74:d2:ae	-60	rumba	
1495919349	c0:97:27:13:31:75	-70	rumba	
1495919349	ee:8e:61:69:cb:da	-82	rumba	
1495919349	13:2e:ef:7f:0c:29	-66	rumba	
1495919349	69:81:47:6b:5e:bd	-54	rumba	
1495919350	65:8f:21:b4:48:41	-92	rumba	
1495919350	08:66:98:e6:f3:3f	-66	rumba	
1495919350	ee:8e:61:69:cb:da	-78	rumba	
1495919350	d7:ab:2a:70:b1:f6	-74	rumba	
1495919350	13:2e:ef:7f:0c:29	-64	rumba	
1495919350	c1:91:01:2e:eb:17	-86	rumba	
1495919350	2c:b4:3a:1a:47:3d	-78	rumba	
1495919350	d0:fe:ca:df:5c:50	-84	rumba	
1495919350	7e:19:4c:f1:d6:a1	-94	rumba	
1495919350	13:2e:ef:7f:0c:29	-64	rumba	
1495919350	69:81:47:6b:5e:bd	-56	rumba	
1495919350	4d:0b:1e:74:d2:ae	-64	rumba	
1495919350	d0:fe:ca:df:5c:50	-84	rumba	
1495919350	08:66:98:e6:f3:3f	-66	rumba	
1495919350	d7:ab:2a:70:b1:f6	-74	rumba	
1495919350	98:d6:bb:25:ad:01	-90	rumba	
1495919350	d0:fe:ca:df:5c:50	-84	rumba	
1495919350	69:81:47:6b:5e:bd	-52	rumba	
1495919350	d7:ab:2a:70:b1:f6	-76	rumba	
1495919350	e3:3a:0e:40:fa:90	-80	rumba	
1495919350	ee:8e:61:69:cb:da	-76	rumba	
1495919350	78:4f:43:70:fd:7d	-56	rumba	
1495919350	df:31:a7:d4:1a:00	-88	rumba	
1495919350	4d:0b:1e:74:d2:ae	-66	rumba	
1495919350	00:07:80:d2:02:15	-78	rumba	
1495919350	c0:97:27:13:31:75	-62	rumba	
1495919350	00:07:80:c6:27:c1	-92	rumba	
1495919351	c1:91:01:2e:eb:17	-86	rumba	
1495919351	c0:97:27:13:31:75	-62	rumba	
1495919351	78:4f:43:70:fd:7d	-50	rumba	
1495919351	d7:ab:2a:70:b1:f6	-74	rumba	
1495919351	08:66:98:e6:f3:3f	-74	rumba	
1495919351	c0:97:27:13:31:75	-68	rumba	
1495919351	13:2e:ef:7f:0c:29	-76	rumba	
1495919351	00:07:80:c6:27:c0	-90	rumba	
1495919351	2c:b4:3a:1a:47:3d	-86	rumba	
1495919351	65:8f:21:b4:48:41	-94	rumba	
1495919351	d0:fe:ca:df:5c:50	-84	rumba	
1495919351	7e:19:4c:f1:d6:a1	-96	rumba	
1495919351	78:4f:43:70:fd:7d	-54	rumba	
1495919351	4d:0b:1e:74:d2:ae	-72	rumba	
1495919351	d7:ab:2a:70:b1:f6	-76	rumba	
1495919351	ee:8e:61:69:cb:da	-82	rumba	
1495919351	c1:91:01:2e:eb:17	-90	rumba	
1495919351	13:2e:ef:7f:0c:29	-66	rumba	
1495919351	d7:ab:2a:70:b1:f6	-80	rumba	
1495919351	78:4f:43:70:fd:7d	-50	rumba	
1495919351	d0:fe:ca:df:5c:50	-86	rumba	
1495919351	69:81:47:6b:5e:bd	-52	rumba	
1495919351	08:66:98:e6:f3:3f	-70	rumba	
1495919351	7e:19:4c:f1:d6:a1	-96	rumba	
1495919351	65:8f:21:b4:48:41	-96	rumba	
1495919351	69:81:47:6b:5e:bd	-46	rumba	
1495919351	2c:b4:3a:1a:47:3d	-70	rumba	
1495919351	65:8f:21:b4:48:41	-94	rumba	
1495919351	c1:91:01:2e:eb:17	-90	rumba	
1495919351	78:4f:43:70:fd:7d	-46	rumba	
1495919352	4d:0b:1e:74:d2:ae	-64	rumba	
1495919352	d0:fe:ca:df:5c:50	-82	rumba	
1495919352	08:66:98:e6:f3:3f	-58	rumba	
1495919352	c0:97:27:13:31:75	-68	rumba	
1495919352	d0:fe:ca:df:5c:50	-80	rumba	
1495919352	69:81:47:6b:5e:bd	-44	rumba	
1495919352	4d:0b:1e:74:d2:ae	-62	rumba	
1495919352	7e:19:4c:f1:d6:a1	-92	rumba	
1495919352	65:8f:21:b4:48:41	-90	rumba	
1495919352	c0:97:27:13:31:75	-64	rumba	
1495919352	78:4f:43:70:fd:7d	-42	rumba	
1495919352	69:81:47:6b:5e:bd	-34	rumba	
1495919352	13:2e:ef:7f:0c:29	-66	rumba	
1495919352	65:8f:21:b4:48:41	-92	rumba	
1495919352	ee:8e:61:69:cb:da	-80	rumba	
1495919352	2c:b4:3a:1a:47:3d	-74	rumba	
1495919352	78:4f:43:70:fd:7d	-40	rumba	
1495919352	ee:8e:61:69:cb:da	-86	rumba	
1495919352	c1:91:01:2e:eb:17	-88	rumba	
1495919352	98:d6:bb:25:ad:01	-90	rumba	
1495919352	69:81:47:6b:5e:bd	-42	rumba	
1495919352	d7:ab:2a:70:b1:f6	-82	rumba	
1495919352	65:8f:21:b4:48:41	-92	rumba	
1495919352	78:4f:43:70:fd:7d	-42	rumba	
1495919352	78:4f:43:70:fd:7d	-46	rumba	
1495919352	69:81:47:6b:5e:bd	-46	rumba	
1495919352	65:8f:21:b4:48:41	-90	rumba	
1495919352	d0:fe:ca:df:5c:50	-84	rumba	
1495919352	4d:0b:1e:74:d2:ae	-58	rumba	
1495919352	69:81:47:6b:5e:bd	-48	rumba	
1495919352	78:4f:43:70:fd:7d	-50	rumba	
1495919352	d0:fe:ca:df:5c:50	-90	rumba	
1495919352	c1:91:01:2e:eb:17	-90	rumba	
1495919352	7e:19:4c:f1:d6:a1	-90	rumba	
1495919352	69:81:47:6b:5e:bd	-48	rumba	
1495919352	69:81:47:6b:5e:bd	-50	rumba	
1495919352	13:2e:ef:7f:0c:29	-64	rumba	
1495919352	d7:ab:2a:70:b1:f6	-78	rumba	
1495919353	69:81:47:6b:5e:bd	-48	rumba	
1495919353	00:07:80:a3:98:39	-80	rumba	
1495919353	78:4f:43:70:fd:7d	-48	rumba	
1495919353	69:81:47:6b:5e:bd	-46	rumba	
1495919353	78:4f:43:70:fd:7d	-46	rumba	
1495919353	2c:b4:3a:1a:47:3d	-76	rumba	
1495919353	69:81:47:6b:5e:bd	-46	rumba	
1495919353	78:4f:43:70:fd:7d	-46	rumba	
1495919353	d7:ab:2a:70:b1:f6	-82	rumba	
1495919353	ee:8e:61:69:cb:da	-92	rumba	
1495919353	69:81:47:6b:5e:bd	-46	rumba	
1495919353	78:4f:43:70:fd:7d	-46	rumba	
1495919353	69:81:47:6b:5e:bd	-44	rumba	
1495919353	4d:0b:1e:74:d2:ae	-68	rumba	
1495919353	c1:91:01:2e:eb:17	-90	rumba	
1495919353	60:03:08:cb:f6:48	-92	rumba	
1495919353	78:4f:43:70:fd:7d	-44	rumba	
1495919353	e3:3a:0e:40:fa:90	-80	rumba	
1495919353	08:66:98:e6:f3:3f	-66	rumba	
1495919353	13:2e:ef:7f:0c:29	-64	rumba	
1495919353	69:81:47:6b:5e:bd	-54	rumba	
1495919353	78:4f:43:70:fd:7d	-54	rumba	
1495919353	78:4f:43:70:fd:7d	-48	rumba	
1495919353	78:4f:43:70:fd:7d	-54	rumba	
1495919353	69:81:47:6b:5e:bd	-52	rumba	
1495919353	65:8f:21:b4:48:41	-94	rumba	
1495919353	c0:97:27:13:31:75	-64	rumba	
1495919353	c1:91:01:2e:eb:17	-88	rumba	
1495919353	2c:b4:3a:1a:47:3d	-78	rumba	
1495919353	69:81:47:6b:5e:bd	-52	rumba	
1495919353	ee:8e:61:69:cb:da	-84	rumba	
1495919353	7e:19:4c:f1:d6:a1	-92	rumba	
1495919353	c0:97:27:13:31:75	-64	rumba	
1495919353	ee:8e:61:69:cb:da	-88	rumba	
1495919353	69:81:47:6b:5e:bd	-50	rumba	
1495919353	7e:19:4c:f1:d6:a1	-90	rumba	
1495919353	2c:b4:3a:1a:47:3d	-80	rumba	
1495919353	78:4f:43:70:fd:7d	-52	rumba	
1495919353	d7:ab:2a:70:b1:f6	-76	rumba	
1495919353	08:66:98:e6:f3:3f	-60	rumba	
1495919353	69:81:47:6b:5e:bd	-62	rumba	
1495919354	13:2e:ef:7f:0c:29	-64	rumba	
1495919354	69:81:47:6b:5e:bd	-64	rumba	
1495919354	78:4f:43:70:fd:7d	-60	rumba	
1495919354	69:81:47:6b:5e:bd	-62	rumba	
1495919354	69:81:47:6b:5e:bd	-54	rumba	
1495919354	78:4f:43:70:fd:7d	-60	rumba	
1495919354	98:d6:bb:25:ad:01	-90	rumba	
1495919354	d0:fe:ca:df:5c:50	-84	rumba	
1495919354	69:81:47:6b:5e:bd	-70	rumba	
1495919354	69:81:47:6b:5e:bd	-68	rumba	
1495919354	78:4f:43:70:fd:7d	-70	rumba	
1495919354	78:4f:43:70:fd:7d	-52	rumba	
1495919354	2c:b4:3a:1a:47:3d	-78	rumba	
1495919354	08:66:98:e6:f3:3f	-60	rumba	
1495919354	4d:0b:1e:74:d2:ae	-62	rumba	
1495919354	d7:ab:2a:70:b1:f6	-82	rumba	
1495919354	ee:8e:61:69:cb:da	-88	rumba	
1495919354	65:8f:21:b4:48:41	-90	rumba	
1495919354	78:4f:43:70:fd:7d	-56	rumba	
1495919354	7e:19:4c:f1:d6:a1	-92	rumba	
1495919354	13:2e:ef:7f:0c:29	-60	rumba	
1495919354	4d:0b:1e:74:d2:ae	-80	rumba	
1495919354	2c:b4:3a:1a:47:3d	-76	rumba	
1495919354	d0:fe:ca:df:5c:50	-92	rumba	
1495919355	08:66:98:e6:f3:3f	-64	rumba	
1495919355	c0:97:27:13:31:75	-64	rumba	
1495919355	d7:ab:2a:70:b1:f6	-82	rumba	
1495919355	00:07:80:c6:28:93	-78	rumba	
1495919355	d7:ab:2a:70:b1:f6	-90	rumba	
1495919355	c0:97:27:13:31:75	-62	rumba	
1495919355	78:4f:43:70:fd:7d	-52	rumba	
1495919355	c1:91:01:2e:eb:17	-90	rumba	
1495919355	13:2e:ef:7f:0c:29	-76	rumba	
1495919355	4d:0b:1e:74:d2:ae	-78	rumba	
1495919355	c0:97:27:13:31:75	-64	rumba	
1495919355	c1:91:01:2e:eb:17	-92	rumba	
1495919355	7e:19:4c:f1:d6:a1	-88	rumba	
1495919355	65:8f:21:b4:48:41	-90	rumba	
1495919355	c0:97:27:13:31:75	-68	rumba	
1495919355	d0:fe:ca:df:5c:50	-92	rumba	
1495919355	2c:b4:3a:1a:47:3d	-74	rumba	
1495919355	d0:fe:ca:df:5c:50	-86	rumba	
1495919355	d7:ab:2a:70:b1:f6	-90	rumba	
1495919355	ee:8e:61:69:cb:da	-88	rumba	
1495919355	08:66:98:e6:f3:3f	-70	rumba	
1495919355	78:4f:43:70:fd:7d	-52	rumba	
1495919355	7e:19:4c:f1:d6:a1	-96	rumba	
1495919355	d7:ab:2a:70:b1:f6	-84	rumba	
1495919355	4d:0b:1e:74:d2:ae	-72	rumba	
1495919355	c1:91:01:2e:eb:17	-92	rumba	
1495919355	69:81:47:6b:5e:bd	-66	rumba	
1495919355	13:2e:ef:7f:0c:29	-64	rumba	
1495919356	4d:0b:1e:74:d2:ae	-74	rumba	
1495919356	d7:ab:2a:70:b1:f6	-92	rumba	
1495919356	65:8f:21:b4:48:41	-92	rumba	
1495919356	13:2e:ef:7f:0c:29	-62	rumba	
1495919356	78:4f:43:70:fd:7d	-60	rumba	
1495919356	13:2e:ef:7f:0c:29	-68	rumba	
1495919356	2c:b4:3a:1a:47:3d	-74	rumba	
1495919356	d7:ab:2a:70:b1:f6	-86	rumba	
1495919356	ee:8e:61:69:cb:da	-94	rumba	
1495919356	69:81:47:6b:5e:bd	-56	rumba	
1495919356	4d:0b:1e:74:d2:ae	-74	rumba	
1495919356	ee:8e:61:69:cb:da	-92	rumba	
1495919356	08:66:98:e6:f3:3f	-58	rumba	
1495919356	d7:ab:2a:70:b1:f6	-88	rumba	
1495919357	c1:91:01:2e:eb:17	-94	rumba	
1495919357	69:81:47:6b:5e:bd	-70	rumba	
1495919357	00:07:80:d2:02:15	-78	rumba	
1495919357	13:2e:ef:7f:0c:29	-62	rumba	
1495919357	e3:3a:0e:40:fa:90	-72	rumba	
1495919357	78:4f:43:70:fd:7d	-68	rumba	
1495919357	c0:97:27:13:31:75	-58	rumba	
1495919357	68:d9:3c:7c:df:da	-96	rumba	
1495919357	d7:ab:2a:70:b1:f6	-92	rumba	
1495919357	d0:fe:ca:df:5c:50	-88	rumba	
1495919357	08:66:98:e6:f3:3f	-56	rumba	
1495919357	13:2e:ef:7f:0c:29	-58	rumba	
1495919357	c0:97:27:13:31:75	-66	rumba	
1495919357	69:81:47:6b:5e:bd	-60	rumba	
1495919357	c0:97:27:13:31:75	-58	rumba	
1495919357	13:2e:ef:7f:0c:29	-52	rumba	
1495919357	4d:0b:1e:74:d2:ae	-72	rumba	
1495919357	ee:8e:61:69:cb:da	-90	rumba	
1495919357	c0:97:27:13:31:75	-60	rumba	
1495919357	d0:fe:ca:df:5c:50	-90	rumba	
1495919357	c1:91:01:2e:eb:17	-92	rumba	
1495919357	4d:0b:1e:74:d2:ae	-78	rumba	
1495919357	d7:ab:2a:70:b1:f6	-88	rumba	
1495919357	08:66:98:e6:f3:3f	-78	rumba	
1495919358	13:2e:ef:7f:0c:29	-58	rumba	
1495919358	d7:ab:2a:70:b1:f6	-84	rumba	
1495919358	d7:ab:2a:70:b1:f6	-84	rumba	
1495919358	69:81:47:6b:5e:bd	-62	rumba	
1495919358	98:d6:bb:25:ad:01	-94	rumba	
1495919358	13:2e:ef:7f:0c:29	-60	rumba	
1495919358	4d:0b:1e:74:d2:ae	-68	rumba	
1495919358	ee:8e:61:69:cb:da	-86	rumba	
1495919358	2c:b4:3a:1a:47:3d	-70	rumba	
1495919358	ee:8e:61:69:cb:da	-92	rumba	
1495919358	c1:91:01:2e:eb:17	-90	rumba	
1495919358	4d:0b:1e:74:d2:ae	-76	rumba	
1495919358	08:66:98:e6:f3:3f	-60	rumba	
1495919358	69:81:47:6b:5e:bd	-62	rumba	
1495919358	c0:97:27:13:31:75	-64	rumba	
1495919358	d0:fe:ca:df:5c:50	-92	rumba	
1495919358	78:4f:43:70:fd:7d	-66	rumba	
1495919358	69:81:47:6b:5e:bd	-66	rumba	
1495919358	13:2e:ef:7f:0c:29	-66	rumba	
1495919358	d7:ab:2a:70:b1:f6	-80	rumba	
1495919358	2c:b4:3a:1a:47:3d	-74	rumba	
1495919358	c0:97:27:13:31:75	-62	rumba	
1495919358	df:31:a7:d4:1a:00	-84	rumba	
1495919358	d7:ab:2a:70:b1:f6	-82	rumba	
1495919358	4d:0b:1e:74:d2:ae	-84	rumba	
1495919358	c0:97:27:13:31:75	-62	rumba	
1495919358	2c:b4:3a:1a:47:3d	-72	rumba	
1495919359	c0:97:27:13:31:75	-60	rumba	
1495919359	00:07:80:a3:98:39	-86	rumba	
1495919359	d0:fe:ca:df:5c:50	-92	rumba	
1495919359	08:66:98:e6:f3:3f	-64	rumba	
1495919359	78:4f:43:70:fd:7d	-56	rumba	
1495919359	69:81:47:6b:5e:bd	-56	rumba	
1495919359	13:2e:ef:7f:0c:29	-70	rumba	
1495919359	c0:97:27:13:31:75	-58	rumba	
1495919359	4d:0b:1e:74:d2:ae	-82	rumba	
1495919359	c0:97:27:13:31:75	-56	rumba	
1495919359	d7:ab:2a:70:b1:f6	-82	rumba	
1495919359	13:2e:ef:7f:0c:29	-64	rumba	
1495919359	2c:b4:3a:1a:47:3d	-72	rumba	
1495919359	c1:91:01:2e:eb:17	-94	rumba	
1495919359	c0:97:27:13:31:75	-56	rumba	
1495919359	ee:8e:61:69:cb:da	-92	rumba	
1495919359	d7:ab:2a:70:b1:f6	-74	rumba	
1495919359	08:66:98:e6:f3:3f	-62	rumba	
1495919359	e3:3a:0e:40:fa:90	-74	rumba	
1495919359	98:d6:bb:25:ad:01	-92	rumba	
1495919359	4d:0b:1e:74:d2:ae	-82	rumba	
1495919359	78:4f:43:70:fd:7d	-56	rumba	
1495919360	13:2e:ef:7f:0c:29	-64	rumba	
1495919360	98:d6:bb:25:ad:01	-90	rumba	
1495919360	c1:91:01:2e:eb:17	-90	rumba	
1495919360	d7:ab:2a:70:b1:f6	-72	rumba	
1495919360	69:81:47:6b:5e:bd	-56	rumba	
1495919360	ee:8e:61:69:cb:da	-90	rumba	
1495919360	c0:97:27:13:31:75	-64	rumba	
1495919360	ee:8e:61:69:cb:da	-94	rumba	
1495919360	13:2e:ef:7f:0c:29	-66	rumba	
1495919360	4d:0b:1e:74:d2:ae	-78	rumba	
1495919360	ee:8e:61:69:cb:da	-84	rumba	
1495919360	2c:b4:3a:1a:47:3d	-74	rumba	
1495919360	c0:97:27:13:31:75	-66	rumba	
1495919360	c1:91:01:2e:eb:17	-88	rumba	
1495919360	08:66:98:e6:f3:3f	-66	rumba	
1495919360	7e:19:4c:f1:d6:a1	-92	rumba	
1495919360	65:8f:21:b4:48:41	-94	rumba	
1495919360	c0:97:27:13:31:75	-70	rumba	
1495919360	2c:b4:3a:1a:47:3d	-68	rumba	
1495919360	d7:ab:2a:70:b1:f6	-72	rumba	
1495919360	df:31:a7:d4:1a:00	-74	rumba	
1495919360	d7:ab:2a:70:b1:f6	-72	rumba	
1495919360	c0:97:27:13:31:75	-66	rumba	
1495919360	d0:fe:ca:df:5c:50	-90	rumba	
1495919361	ee:8e:61:69:cb:da	-92	rumba	
1495919361	d7:ab:2a:70:b1:f6	-76	rumba	
1495919361	78:4f:43:70:fd:7d	-58	rumba	
1495919361	d0:fe:ca:df:5c:50	-94	rumba	
1495919361	c1:91:01:2e:eb:17	-88	rumba	
1495919361	13:2e:ef:7f:0c:29	-66	rumba	
1495919361	2c:b4:3a:1a:47:3d	-70	rumba	
1495919361	69:81:47:6b:5e:bd	-60	rumba	
1495919361	4d:0b:1e:74:d2:ae	-78	rumba	
1495919361	78:4f:43:70:fd:7d	-58	rumba	
1495919361	69:81:47:6b:5e:bd	-58	rumba	
1495919361	08:66:98:e6:f3:3f	-66	rumba	
1495919361	78:4f:43:70:fd:7d	-74	rumba	
1495919361	d0:fe:ca:df:5c:50	-94	rumba	
1495919361	13:2e:ef:7f:0c:29	-60	rumba	
1495919361	c1:91:01:2e:eb:17	-84	rumba	
1495919361	2c:b4:3a:1a:47:3d	-78	rumba	
1495919361	d0:fe:ca:df:5c:50	-90	rumba	
1495919361	ee:8e:61:69:cb:da	-86	rumba	
1495919362	d7:ab:2a:70:b1:f6	-70	rumba	
1495919362	ee:8e:61:69:cb:da	-90	rumba	
1495919362	4d:0b:1e:74:d2:ae	-72	rumba	
1495919362	2c:b4:3a:1a:47:3d	-68	rumba	
1495919362	65:8f:21:b4:48:41	-94	rumba	
1495919362	c1:91:01:2e:eb:17	-86	rumba	
1495919362	ee:8e:61:69:cb:da	-88	rumba	
1495919362	c0:97:27:13:31:75	-60	rumba	
1495919362	d0:fe:ca:df:5c:50	-90	rumba	
1495919362	d7:ab:2a:70:b1:f6	-70	rumba	
1495919362	65:8f:21:b4:48:41	-94	rumba	
1495919362	2c:b4:3a:1a:47:3d	-70	rumba	
1495919362	c0:97:27:13:31:75	-58	rumba	
1495919362	ee:8e:61:69:cb:da	-92	rumba	
1495919362	7e:19:4c:f1:d6:a1	-94	rumba	
1495919362	c0:97:27:13:31:75	-58	rumba	
1495919362	4d:0b:1e:74:d2:ae	-74	rumba	
1495919362	d0:fe:ca:df:5c:50	-90	rumba	
1495919362	df:31:a7:d4:1a:00	-74	rumba	
1495919362	d7:ab:2a:70:b1:f6	-70	rumba	
1495919362	13:2e:ef:7f:0c:29	-66	rumba	
1495919362	d0:fe:ca:df:5c:50	-90	rumba	
1495919363	65:8f:21:b4:48:41	-92	rumba	
1495919363	d7:ab:2a:70:b1:f6	-70	rumba	
1495919363	d7:ab:2a:70:b1:f6	-76	rumba	
1495919363	7e:19:4c:f1:d6:a1	-94	rumba	
1495919363	78:4f:43:70:fd:7d	-52	rumba	
1495919363	c1:91:01:2e:eb:17	-86	rumba	
1495919363	4d:0b:1e:74:d2:ae	-70	rumba	
1495919363	7e:19:4c:f1:d6:a1	-96	rumba	
1495919363	69:81:47:6b:5e:bd	-54	rumba	
1495919363	13:2e:ef:7f:0c:29	-64	rumba	
1495919363	00:07:80:c6:27:c0	-86	rumba	
1495919363	e3:3a:0e:40:fa:90	-84	rumba	
1495919363	2c:b4:3a:1a:47:3d	-70	rumba	
1495919363	d0:fe:ca:df:5c:50	-86	rumba	
1495919363	ee:8e:61:69:cb:da	-94	rumba	
1495919363	4d:0b:1e:74:d2:ae	-78	rumba	
1495919364	c0:97:27:13:31:75	-58	rumba	
1495919364	69:81:47:6b:5e:bd	-52	rumba	
1495919364	c1:91:01:2e:eb:17	-86	rumba	
1495919364	2c:b4:3a:1a:47:3d	-68	rumba	
1495919364	c1:91:01:2e:eb:17	-88	rumba	
1495919364	c0:97:27:13:31:75	-60	rumba	
1495919364	d7:ab:2a:70:b1:f6	-74	rumba	
1495919364	13:2e:ef:7f:0c:29	-66	rumba	
1495919364	c1:91:01:2e:eb:17	-84	rumba	
1495919364	7e:19:4c:f1:d6:a1	-92	rumba	
1495919364	d7:ab:2a:70:b1:f6	-70	rumba	
1495919364	65:8f:21:b4:48:41	-92	rumba	
1495919364	d0:fe:ca:df:5c:50	-86	rumba	
1495919364	69:81:47:6b:5e:bd	-52	rumba	
1495919364	d7:ab:2a:70:b1:f6	-70	rumba	
1495919364	4d:0b:1e:74:d2:ae	-74	rumba	
1495919364	d7:ab:2a:70:b1:f6	-74	rumba	
1495919364	7e:19:4c:f1:d6:a1	-92	rumba	
1495919364	65:8f:21:b4:48:41	-94	rumba	
1495919364	d7:ab:2a:70:b1:f6	-70	rumba	
1495919364	2c:b4:3a:1a:47:3d	-80	rumba	
1495919364	c1:91:01:2e:eb:17	-86	rumba	
1495919364	13:2e:ef:7f:0c:29	-68	rumba	
1495919364	ee:8e:61:69:cb:da	-86	rumba	
1495919364	7e:19:4c:f1:d6:a1	-94	rumba	
1495919364	65:8f:21:b4:48:41	-94	rumba	
1495919365	4d:0b:1e:74:d2:ae	-72	rumba	
1495919365	d0:fe:ca:df:5c:50	-88	rumba	
1495919365	13:2e:ef:7f:0c:29	-64	rumba	
1495919365	65:8f:21:b4:48:41	-94	rumba	
1495919365	d0:fe:ca:df:5c:50	-88	rumba	
1495919365	2c:b4:3a:1a:47:3d	-78	rumba	
1495919365	00:07:80:d2:02:15	-78	rumba	
1495919365	ee:8e:61:69:cb:da	-86	rumba	
1495919365	2c:b4:3a:1a:47:3d	-70	rumba	
1495919365	00:07:80:c6:28:93	-74	rumba	
1495919365	60:03:08:cb:f6:48	-94	rumba	
1495919365	7e:19:4c:f1:d6:a1	-94	rumba	
1495919365	4d:0b:1e:74:d2:ae	-76	rumba	
1495919365	d0:fe:ca:df:5c:50	-90	rumba	
1495919365	d7:ab:2a:70:b1:f6	-68	rumba	
1495919365	65:8f:21:b4:48:41	-92	rumba	
1495919365	78:4f:43:70:fd:7d	-52	rumba	
1495919365	00:07:80:c6:27:c0	-82	rumba	
1495919365	65:8f:21:b4:48:41	-96	rumba	
1495919365	c0:97:27:13:31:75	-78	rumba	
1495919365	2c:b4:3a:1a:47:3d	-76	rumba	
1495919365	c0:97:27:13:31:75	-76	rumba	
1495919366	c1:91:01:2e:eb:17	-88	rumba	
1495919366	69:81:47:6b:5e:bd	-50	rumba	
1495919366	4d:0b:1e:74:d2:ae	-74	rumba	
1495919366	c0:97:27:13:31:75	-74	rumba	
1495919366	78:4f:43:70:fd:7d	-52	rumba	
1495919366	08:66:98:e6:f3:3f	-64	rumba	
1495919366	c1:91:01:2e:eb:17	-86	rumba	
1495919366	d0:fe:ca:df:5c:50	-86	rumba	
1495919366	e3:3a:0e:40:fa:90	-74	rumba	
1495919366	ee:8e:61:69:cb:da	-94	rumba	
1495919366	78:4f:43:70:fd:7d	-54	rumba	
1495919366	13:2e:ef:7f:0c:29	-66	rumba	
1495919366	c0:97:27:13:31:75	-76	rumba	
1495919366	7e:19:4c:f1:d6:a1	-96	rumba	
1495919366	c1:91:01:2e:eb:17	-88	rumba	
1495919366	d7:ab:2a:70:b1:f6	-66	rumba	
1495919366	65:8f:21:b4:48:41	-94	rumba	
1495919366	4d:0b:1e:74:d2:ae	-70	rumba	
1495919366	d7:ab:2a:70:b1:f6	-74	rumba	
1495919366	65:8f:21:b4:48:41	-94	rumba	
1495919366	c0:97:27:13:31:75	-74	rumba	
1495919366	d0:fe:ca:df:5c:50	-90	rumba	
1495919366	7e:19:4c:f1:d6:a1	-92	rumba	
1495919366	65:8f:21:b4:48:41	-92	rumba	
1495919366	78:4f:43:70:fd:7d	-50	rumba	
1495919366	69:81:47:6b:5e:bd	-52	rumba	
1495919366	c1:91:01:2e:eb:17	-84	rumba	
1495919366	13:2e:ef:7f:0c:29	-64	rumba	
1495919367	2c:b4:3a:1a:47:3d	-70	rumba	
1495919367	d0:fe:ca:df:5c:50	-92	rumba	
1495919367	d7:ab:2a:70:b1:f6	-68	rumba	
1495919367	ee:8e:61:69:cb:da	-86	rumba	
1495919367	7e:19:4c:f1:d6:a1	-94	rumba	
1495919367	69:81:47:6b:5e:bd	-54	rumba	
1495919367	d0:fe:ca:df:5c:50	-88	rumba	
1495919367	98:d6:bb:25:ad:01	-88	rumba	
1495919367	00:07:80:c6:27:e2	-90	rumba	
1495919367	00:07:80:d2:02:15	-78	rumba	
1495919367	c1:91:01:2e:eb:17	-82	rumba	
1495919367	78:4f:43:70:fd:7d	-52	rumba	
1495919367	08:66:98:e6:f3:3f	-64	rumba	
1495919367	c1:91:01:2e:eb:17	-86	rumba	
1495919367	13:2e:ef:7f:0c:29	-64	rumba	
1495919367	2c:b4:3a:1a:47:3d	-78	rumba	
1495919367	7e:19:4c:f1:d6:a1	-92	rumba	
1495919367	d0:fe:ca:df:5c:50	-90	rumba	
1495919367	69:81:47:6b:5e:bd	-54	rumba	
1495919367	ee:8e:61:69:cb:da	-96	rumba	
1495919367	4d:0b:1e:74:d2:ae	-72	rumba	
1495919367	c0:97:27:13:31:75	-60	rumba	
1495919367	65:8f:21:b4:48:41	-94	rumba	
1495919368	c1:91:01:2e:eb:17	-86	rumba	
1495919368	78:4f:43:70:fd:7d	-56	rumba	
1495919368	08:66:98:e6:f3:3f	-64	rumba	
1495919368	13:2e:ef:7f:0c:29	-64	rumba	
1495919368	65:8f:21:b4:48:41	-92	rumba	
1495919368	c0:97:27:13:31:75	-58	rumba	
1495919368	d0:fe:ca:df:5c:50	-92	rumba	
1495919368	ee:8e:61:69:cb:da	-86	rumba	
1495919368	7e:19:4c:f1:d6:a1	-94	rumba	
1495919368	69:81:47:6b:5e:bd	-56	rumba	
1495919368	d0:fe:ca:df:5c:50	-88	rumba	
1495919368	d7:ab:2a:70:b1:f6	-74	rumba	
1495919368	c0:97:27:13:31:75	-60	rumba	
1495919368	2c:b4:3a:1a:47:3d	-70	rumba	
1495919368	d0:fe:ca:df:5c:50	-86	rumba	
1495919368	c1:91:01:2e:eb:17	-84	rumba	
1495919368	c1:91:01:2e:eb:17	-86	rumba	
1495919368	7e:19:4c:f1:d6:a1	-94	rumba	
1495919368	65:8f:21:b4:48:41	-92	rumba	
1495919368	08:66:98:e6:f3:3f	-64	rumba	
1495919368	d0:fe:ca:df:5c:50	-88	rumba	
1495919368	78:4f:43:70:fd:7d	-56	rumba	
1495919368	13:2e:ef:7f:0c:29	-64	rumba	
1495919368	60:03:08:cb:f6:48	-90	rumba	
1495919368	c1:91:01:2e:eb:17	-84	rumba	
1495919368	98:d6:bb:25:ad:01	-90	rumba	
1495919369	7e:19:4c:f1:d6:a1	-94	rumba	
1495919369	4d:0b:1e:74:d2:ae	-78	rumba	
1495919369	c1:91:01:2e:eb:17	-84	rumba	
1495919369	08:66:98:e6:f3:3f	-64	rumba	
1495919369	65:8f:21:b4:48:41	-94	rumba	
1495919369	d7:ab:2a:70:b1:f6	-68	rumba	
1495919369	d7:ab:2a:70:b1:f6	-74	rumba	
1495919369	78:4f:43:70:fd:7d	-56	rumba	
1495919369	69:81:47:6b:5e:bd	-52	rumba	
1495919369	13:2e:ef:7f:0c:29	-64	rumba	
1495919369	c1:91:01:2e:eb:17	-86	rumba	
1495919369	d0:fe:ca:df:5c:50	-86	rumba	
1495919369	ee:8e:61:69:cb:da	-86	rumba	
1495919369	08:66:98:e6:f3:3f	-66	rumba	
1495919369	d0:fe:ca:df:5c:50	-90	rumba	
1495919369	d0:fe:ca:df:5c:50	-90	rumba	
1495919369	65:8f:21:b4:48:41	-94	rumba	
1495919369	69:81:47:6b:5e:bd	-54	rumba	
1495919369	ee:8e:61:69:cb:da	-94	rumba	
1495919369	13:2e:ef:7f:0c:29	-64	rumba	
1495919369	d7:ab:2a:70:b1:f6	-70	rumba	
1495919369	d0:fe:ca:df:5c:50	-88	rumba	
1495919369	2c:b4:3a:1a:47:3d	-72	rumba	
1495919370	c1:91:01:2e:eb:17	-84	rumba	
1495919370	78:4f:43:70:fd:7d	-54	rumba	
1495919370	69:81:47:6b:5e:bd	-56	rumba	
1495919370	e3:3a:0e:40:fa:90	-80	rumba	
1495919370	4d:0b:1e:74:d2:ae	-80	rumba	
1495919370	ee:8e:61:69:cb:da	-86	rumba	
1495919370	65:8f:21:b4:48:41	-92	rumba	
1495919370	d0:fe:ca:df:5c:50	-90	rumba	
1495919370	d7:ab:2a:70:b1:f6	-70	rumba	
1495919370	98:d6:bb:25:ad:01	-92	rumba	
1495919370	7e:19:4c:f1:d6:a1	-92	rumba	
1495919370	d0:fe:ca:df:5c:50	-90	rumba	
1495919370	08:66:98:e6:f3:3f	-64	rumba	
1495919370	c1:91:01:2e:eb:17	-86	rumba	
1495919370	13:2e:ef:7f:0c:29	-64	rumba	
1495919370	d7:ab:2a:70:b1:f6	-74	rumba	
1495919370	69:81:47:6b:5e:bd	-52	rumba	
1495919370	7e:19:4c:f1:d6:a1	-94	rumba	
1495919370	65:8f:21:b4:48:41	-94	rumba	
1495919370	4d:0b:1e:74:d2:ae	-74	rumba	
1495919370	ee:8e:61:69:cb:da	-86	rumba	
1495919370	d0:fe:ca:df:5c:50	-90	rumba	
1495919370	00:07:80:c6:27:e7	-90	rumba	
1495919370	c0:97:27:13:31:75	-60	rumba	
1495919370	ee:8e:61:69:cb:da	-92	rumba	
1495919370	c1:91:01:2e:eb:17	-86	rumba	
1495919370	08:66:98:e6:f3:3f	-64	rumba	
1495919370	13:2e:ef:7f:0c:29	-66	rumba	
1495919371	7e:19:4c:f1:d6:a1	-92	rumba	
1495919371	65:8f:21:b4:48:41	-94	rumba	
1495919371	c0:97:27:13:31:75	-58	rumba	
1495919371	69:81:47:6b:5e:bd	-54	rumba	
1495919371	78:4f:43:70:fd:7d	-50	rumba	
1495919371	4d:0b:1e:74:d2:ae	-72	rumba	
1495919371	2c:b4:3a:1a:47:3d	-70	rumba	
1495919371	65:8f:21:b4:48:41	-94	rumba	
1495919371	d7:ab:2a:70:b1:f6	-70	rumba	
1495919371	4d:0b:1e:74:d2:ae	-78	rumba	
1495919371	7e:19:4c:f1:d6:a1	-92	rumba	
1495919371	00:07:80:c6:28:93	-76	rumba	
1495919371	65:8f:21:b4:48:41	-94	rumba	
1495919371	d7:ab:2a:70:b1:f6	-76	rumba	
1495919371	d0:fe:ca:df:5c:50	-88	rumba	
1495919371	65:8f:21:b4:48:41	-94	rumba	
1495919371	13:2e:ef:7f:0c:29	-64	rumba	
1495919371	78:4f:43:70:fd:7d	-54	rumba	
1495919371	ee:8e:61:69:cb:da	-88	rumba	
1495919371	7e:19:4c:f1:d6:a1	-94	rumba	
1495919371	2c:b4:3a:1a:47:3d	-76	rumba	
1495919371	65:8f:21:b4:48:41	-94	rumba	
1495919371	00:07:80:c6:27:c0	-82	rumba	
1495919371	08:66:98:e6:f3:3f	-62	rumba	
1495919371	d0:fe:ca:df:5c:50	-88	rumba	
1495919371	d7:ab:2a:70:b1:f6	-70	rumba	
1495919371	69:81:47:6b:5e:bd	-56	rumba	
1495919372	78:4f:43:70:fd:7d	-54	rumba	
1495919372	65:8f:21:b4:48:41	-96	rumba	
1495919372	13:2e:ef:7f:0c:29	-64	rumba	
1495919372	78:4f:43:70:fd:7d	-54	rumba	
1495919372	d0:fe:ca:df:5c:50	-90	rumba	
1495919372	2c:b4:3a:1a:47:3d	-76	rumba	
1495919372	d7:ab:2a:70:b1:f6	-74	rumba	
1495919372	08:66:98:e6:f3:3f	-64	rumba	
1495919372	d0:fe:ca:df:5c:50	-88	rumba	
1495919372	4d:0b:1e:74:d2:ae	-72	rumba	
1495919372	c1:91:01:2e:eb:17	-86	rumba	
1495919372	d0:fe:ca:df:5c:50	-86	rumba	
1495919372	65:8f:21:b4:48:41	-94	rumba	
1495919372	e3:3a:0e:40:fa:90	-72	rumba	
1495919372	ee:8e:61:69:cb:da	-94	rumba	
1495919372	d7:ab:2a:70:b1:f6	-70	rumba	
1495919372	c0:97:27:13:31:75	-70	rumba	
1495919372	13:2e:ef:7f:0c:29	-64	rumba	
1495919372	00:07:80:c6:27:e7	-88	rumba	
1495919372	69:81:47:6b:5e:bd	-50	rumba	
1495919372	c1:91:01:2e:eb:17	-84	rumba	
1495919372	78:4f:43:70:fd:7d	-50	rumba	
1495919372	2c:b4:3a:1a:47:3d	-70	rumba	
1495919372	d7:ab:2a:70:b1:f6	-74	rumba	
1495919372	7e:19:4c:f1:d6:a1	-94	rumba	
1495919372	c0:97:27:13:31:75	-70	rumba	
1495919372	d0:fe:ca:df:5c:50	-88	rumba	
1495919372	c1:91:01:2e:eb:17	-84	rumba	
1495919372	08:66:98:e6:f3:3f	-64	rumba	
1495919373	ee:8e:61:69:cb:da	-86	rumba	
1495919373	4d:0b:1e:74:d2:ae	-76	rumba	
1495919373	c0:97:27:13:31:75	-70	rumba	
1495919373	d0:fe:ca:df:5c:50	-90	rumba	
1495919373	65:8f:21:b4:48:41	-94	rumba	
1495919373	2c:b4:3a:1a:47:3d	-70	rumba	
1495919373	c0:97:27:13:31:75	-70	rumba	
1495919373	d0:fe:ca:df:5c:50	-88	rumba	
1495919373	d7:ab:2a:70:b1:f6	-70	rumba	
1495919373	13:2e:ef:7f:0c:29	-64	rumba	
1495919373	c0:97:27:13:31:75	-68	rumba	
1495919373	78:4f:43:70:fd:7d	-54	rumba	
1495919373	7e:19:4c:f1:d6:a1	-94	rumba	
1495919373	65:8f:21:b4:48:41	-94	rumba	
1495919373	08:66:98:e6:f3:3f	-64	rumba	
1495919373	c0:97:27:13:31:75	-72	rumba	
1495919373	69:81:47:6b:5e:bd	-52	rumba	
1495919373	00:07:80:c6:27:c1	-96	rumba	
1495919373	c1:91:01:2e:eb:17	-82	rumba	
1495919373	c0:97:27:13:31:75	-70	rumba	
1495919373	7e:19:4c:f1:d6:a1	-94	rumba	
1495919373	d7:ab:2a:70:b1:f6	-70	rumba	
1495919373	65:8f:21:b4:48:41	-94	rumba	
1495919373	c0:97:27:13:31:75	-70	rumba	
1495919373	13:2e:ef:7f:0c:29	-64	rumba	
1495919373	2c:b4:3a:1a:47:3d	-76	rumba	
1495919374	c0:97:27:13:31:75	-70	rumba	
1495919374	13:2e:ef:7f:0c:29	-64	rumba	
1495919374	c1:91:01:2e:eb:17	-88	rumba	
1495919374	ee:8e:61:69:cb:da	-86	rumba	
1495919374	4d:0b:1e:74:d2:ae	-74	rumba	
1495919374	7e:19:4c:f1:d6:a1	-94	rumba	
1495919374	c1:91:01:2e:eb:17	-84	rumba	
1495919374	69:81:47:6b:5e:bd	-54	rumba	
1495919374	7e:19:4c:f1:d6:a1	-94	rumba	
1495919374	78:4f:43:70:fd:7d	-50	rumba	
1495919374	2c:b4:3a:1a:47:3d	-70	rumba	
1495919374	7e:19:4c:f1:d6:a1	-94	rumba	
1495919374	98:d6:bb:25:ad:01	-88	rumba	
1495919374	69:81:47:6b:5e:bd	-54	rumba	
1495919374	78:4f:43:70:fd:7d	-54	rumba	
1495919374	4d:0b:1e:74:d2:ae	-76	rumba	
1495919374	c1:91:01:2e:eb:17	-84	rumba	
1495919374	7e:19:4c:f1:d6:a1	-94	rumba	
1495919374	98:d6:bb:25:ad:01	-88	rumba	
1495919374	d0:fe:ca:df:5c:50	-86	rumba	
1495919374	d7:ab:2a:70:b1:f6	-70	rumba	
1495919374	c0:97:27:13:31:75	-60	rumba	
1495919374	d7:ab:2a:70:b1:f6	-74	rumba	
1495919375	7e:19:4c:f1:d6:a1	-96	rumba	
1495919375	ee:8e:61:69:cb:da	-94	rumba	
1495919375	c0:97:27:13:31:75	-60	rumba	
1495919375	d7:ab:2a:70:b1:f6	-70	rumba	
1495919375	7e:19:4c:f1:d6:a1	-92	rumba	
1495919375	ee:8e:61:69:cb:da	-86	rumba	
1495919375	08:66:98:e6:f3:3f	-64	rumba	
1495919375	13:2e:ef:7f:0c:29	-64	rumba	
1495919375	78:4f:43:70:fd:7d	-52	rumba	
1495919375	69:81:47:6b:5e:bd	-52	rumba	
1495919375	c0:97:27:13:31:75	-60	rumba	
1495919375	d0:fe:ca:df:5c:50	-90	rumba	
1495919375	4d:0b:1e:74:d2:ae	-74	rumba	
1495919375	ee:8e:61:69:cb:da	-94	rumba	
1495919375	65:8f:21:b4:48:41	-94	rumba	
1495919375	98:d6:bb:25:ad:01	-92	rumba	
1495919375	c0:97:27:13:31:75	-60	rumba	
1495919375	7e:19:4c:f1:d6:a1	-94	rumba	
1495919375	d7:ab:2a:70:b1:f6	-74	rumba	
1495919375	c0:97:27:13:31:75	-60	rumba	
1495919375	c1:91:01:2e:eb:17	-86	rumba	
1495919375	00:07:80:d2:02:15	-78	rumba	
1495919375	2c:b4:3a:1a:47:3d	-76	rumba	
1495919375	00:07:80:c6:27:c1	-88	rumba	
1495919375	d0:fe:ca:df:5c:50	-88	rumba	
1495919375	c1:91:01:2e:eb:17	-86	rumba	
1495919375	13:2e:ef:7f:0c:29	-64	rumba	
1495919375	08:66:98:e6:f3:3f	-64	rumba	
1495919375	65:8f:21:b4:48:41	-94	rumba	
1495919375	78:4f:43:70:fd:7d	-50	rumba	
1495919375	4d:0b:1e:74:d2:ae	-74	rumba	
1495919375	ee:8e:61:69:cb:da	-94	rumba	
1495919375	65:8f:21:b4:48:41	-94	rumba	
1495919375	98:d6:bb:25:ad:01	-88	rumba	
1495919375	d7:ab:2a:70:b1:f6	-68	rumba	
1495919375	78:4f:43:70:fd:7d	-54	rumba	
1495919375	7e:19:4c:f1:d6:a1	-94	rumba	
1495919376	c1:91:01:2e:eb:17	-84	rumba	
1495919376	d7:ab:2a:70:b1:f6	-74	rumba	
1495919376	c1:91:01:2e:eb:17	-84	rumba	
1495919376	00:07:80:c6:27:c2	-88	rumba	
1495919376	2c:b4:3a:1a:47:3d	-70	rumba	
1495919376	d0:fe:ca:df:5c:50	-86	rumba	
1495919376	13:2e:ef:7f:0c:29	-64	rumba	
1495919376	4d:0b:1e:74:d2:ae	-76	rumba	
1495919376	60:03:08:cb:f6:48	-90	rumba	
1495919376	e3:3a:0e:40:fa:90	-70	rumba	
1495919376	ee:8e:61:69:cb:da	-94	rumba	
1495919376	d0:fe:ca:df:5c:50	-86	rumba	
1495919376	7e:19:4c:f1:d6:a1	-94	rumba	
1495919376	08:66:98:e6:f3:3f	-64	rumba	
1495919376	13:2e:ef:7f:0c:29	-64	rumba	
1495919376	d7:ab:2a:70:b1:f6	-70	rumba	
1495919376	4d:0b:1e:74:d2:ae	-74	rumba	
1495919376	c0:97:27:13:31:75	-60	rumba	
1495919377	7e:19:4c:f1:d6:a1	-94	rumba	
1495919377	65:8f:21:b4:48:41	-94	rumba	
1495919377	d0:fe:ca:df:5c:50	-90	rumba	
1495919377	c0:97:27:13:31:75	-58	rumba	
1495919377	69:81:47:6b:5e:bd	-54	rumba	
1495919377	ee:8e:61:69:cb:da	-92	rumba	
1495919377	d0:fe:ca:df:5c:50	-88	rumba	
1495919377	c0:97:27:13:31:75	-60	rumba	
1495919377	98:d6:bb:25:ad:01	-92	rumba	
1495919377	ee:8e:61:69:cb:da	-96	rumba	
1495919377	7e:19:4c:f1:d6:a1	-92	rumba	
1495919377	65:8f:21:b4:48:41	-94	rumba	
1495919377	69:81:47:6b:5e:bd	-52	rumba	
1495919377	d7:ab:2a:70:b1:f6	-74	rumba	
1495919377	c0:97:27:13:31:75	-60	rumba	
1495919377	08:66:98:e6:f3:3f	-64	rumba	
1495919377	13:2e:ef:7f:0c:29	-64	rumba	
1495919377	c1:91:01:2e:eb:17	-86	rumba	
1495919377	7e:19:4c:f1:d6:a1	-92	rumba	
1495919377	65:8f:21:b4:48:41	-92	rumba	
1495919377	c0:97:27:13:31:75	-56	rumba	
1495919377	ee:8e:61:69:cb:da	-86	rumba	
1495919377	d0:fe:ca:df:5c:50	-90	rumba	
1495919377	69:81:47:6b:5e:bd	-52	rumba	
1495919377	4d:0b:1e:74:d2:ae	-76	rumba	
1495919377	c0:97:27:13:31:75	-58	rumba	
1495919377	00:07:80:c6:28:93	-72	rumba	
1495919377	d7:ab:2a:70:b1:f6	-74	rumba	
1495919377	2c:b4:3a:1a:47:3d	-70	rumba	
1495919377	7e:19:4c:f1:d6:a1	-94	rumba	
1495919377	c1:91:01:2e:eb:17	-84	rumba	
1495919377	13:2e:ef:7f:0c:29	-64	rumba	
1495919378	c1:91:01:2e:eb:17	-86	rumba	
1495919378	4d:0b:1e:74:d2:ae	-76	rumba	
1495919378	d0:fe:ca:df:5c:50	-86	rumba	
1495919378	7e:19:4c:f1:d6:a1	-92	rumba	
1495919378	65:8f:21:b4:48:41	-94	rumba	
1495919378	ee:8e:61:69:cb:da	-92	rumba	
1495919378	c1:91:01:2e:eb:17	-84	rumba	
1495919378	ee:8e:61:69:cb:da	-94	rumba	
1495919378	7e:19:4c:f1:d6:a1	-94	rumba	
1495919378	65:8f:21:b4:48:41	-96	rumba	
1495919378	d0:fe:ca:df:5c:50	-90	rumba	
1495919378	d7:ab:2a:70:b1:f6	-76	rumba	
1495919378	69:81:47:6b:5e:bd	-54	rumba	
1495919378	2c:b4:3a:1a:47:3d	-76	rumba	
1495919378	d0:fe:ca:df:5c:50	-88	rumba	
1495919378	13:2e:ef:7f:0c:29	-64	rumba	
1495919378	98:d6:bb:25:ad:01	-90	rumba	
1495919378	65:8f:21:b4:48:41	-94	rumba	
1495919378	08:66:98:e6:f3:3f	-64	rumba	
1495919378	d7:ab:2a:70:b1:f6	-70	rumba	
1495919378	4d:0b:1e:74:d2:ae	-74	rumba	
1495919378	7e:19:4c:f1:d6:a1	-96	rumba	
1495919378	d7:ab:2a:70:b1:f6	-74	rumba	
1495919378	ee:8e:61:69:cb:da	-86	rumba	
1495919378	69:81:47:6b:5e:bd	-52	rumba	
1495919378	2c:b4:3a:1a:47:3d	-76	rumba	
1495919378	d0:fe:ca:df:5c:50	-88	rumba	
1495919378	65:8f:21:b4:48:41	-94	rumba	
1495919379	98:d6:bb:25:ad:01	-88	rumba	
1495919379	13:2e:ef:7f:0c:29	-64	rumba	
1495919379	c1:91:01:2e:eb:17	-86	rumba	
1495919379	e3:3a:0e:40:fa:90	-68	rumba	
1495919379	c1:91:01:2e:eb:17	-84	rumba	
1495919379	08:66:98:e6:f3:3f	-64	rumba	
1495919379	69:81:47:6b:5e:bd	-52	rumba	
1495919379	4d:0b:1e:74:d2:ae	-76	rumba	
1495919379	d7:ab:2a:70:b1:f6	-68	rumba	
1495919379	c0:97:27:13:31:75	-70	rumba	
1495919379	ee:8e:61:69:cb:da	-94	rumba	
1495919379	7e:19:4c:f1:d6:a1	-94	rumba	
1495919379	d7:ab:2a:70:b1:f6	-74	rumba	
1495919379	d0:fe:ca:df:5c:50	-88	rumba	
1495919379	c0:97:27:13:31:75	-70	rumba	
1495919379	d7:ab:2a:70:b1:f6	-70	rumba	
1495919379	13:2e:ef:7f:0c:29	-64	rumba	
1495919379	c0:97:27:13:31:75	-70	rumba	
1495919379	2c:b4:3a:1a:47:3d	-76	rumba	
1495919379	ee:8e:61:69:cb:da	-94	rumba	
1495919379	08:66:98:e6:f3:3f	-64	rumba	
1495919379	13:2e:ef:7f:0c:29	-64	rumba	
1495919379	4d:0b:1e:74:d2:ae	-76	rumba	
1495919379	ee:8e:61:69:cb:da	-96	rumba	
1495919379	c0:97:27:13:31:75	-72	rumba	
1495919379	7e:19:4c:f1:d6:a1	-94	rumba	
1495919379	65:8f:21:b4:48:41	-94	rumba	
1495919380	69:81:47:6b:5e:bd	-54	rumba	
1495919380	00:07:80:c6:27:c0	-84	rumba	
1495919380	c0:97:27:13:31:75	-70	rumba	
1495919380	d0:fe:ca:df:5c:50	-86	rumba	
1495919380	c1:91:01:2e:eb:17	-86	rumba	
1495919380	13:2e:ef:7f:0c:29	-64	rumba	
1495919380	d7:ab:2a:70:b1:f6	-70	rumba	
1495919380	69:81:47:6b:5e:bd	-52	rumba	
1495919380	2c:b4:3a:1a:47:3d	-76	rumba	
1495919380	d7:ab:2a:70:b1:f6	-74	rumba	
1495919380	c0:97:27:13:31:75	-72	rumba	
1495919380	08:66:98:e6:f3:3f	-64	rumba	
1495919380	13:2e:ef:7f:0c:29	-64	rumba	
1495919380	98:d6:bb:25:ad:01	-88	rumba	
1495919380	c0:97:27:13:31:75	-72	rumba	
1495919380	c1:91:01:2e:eb:17	-82	rumba	
1495919380	c1:91:01:2e:eb:17	-86	rumba	
1495919380	d7:ab:2a:70:b1:f6	-70	rumba	
1495919380	d0:fe:ca:df:5c:50	-86	rumba	
1495919380	d7:ab:2a:70:b1:f6	-68	rumba	
1495919380	ee:8e:61:69:cb:da	-86	rumba	
1495919380	2c:b4:3a:1a:47:3d	-70	rumba	
1495919380	d7:ab:2a:70:b1:f6	-74	rumba	
1495919380	08:66:98:e6:f3:3f	-64	rumba	
1495919380	13:2e:ef:7f:0c:29	-64	rumba	
1495919380	2c:b4:3a:1a:47:3d	-76	rumba	
1495919380	df:31:a7:d4:1a:00	-76	rumba	
1495919380	c1:91:01:2e:eb:17	-84	rumba	
1495919381	ee:8e:61:69:cb:da	-86	rumba	
1495919381	c1:91:01:2e:eb:17	-84	rumba	
1495919381	4d:0b:1e:74:d2:ae	-74	rumba	
1495919381	d7:ab:2a:70:b1:f6	-68	rumba	
1495919381	13:2e:ef:7f:0c:29	-64	rumba	
1495919381	d7:ab:2a:70:b1:f6	-74	rumba	
1495919381	c0:97:27:13:31:75	-60	rumba	
1495919381	7e:19:4c:f1:d6:a1	-94	rumba	
1495919381	c1:91:01:2e:eb:17	-86	rumba	
1495919381	08:66:98:e6:f3:3f	-64	rumba	
1495919381	13:2e:ef:7f:0c:29	-64	rumba	
1495919381	65:8f:21:b4:48:41	-94	rumba	
1495919381	c0:97:27:13:31:75	-60	rumba	
1495919381	c1:91:01:2e:eb:17	-84	rumba	
1495919381	d0:fe:ca:df:5c:50	-90	rumba	
1495919381	08:66:98:e6:f3:3f	-64	rumba	
1495919381	d7:ab:2a:70:b1:f6	-70	rumba	
1495919381	c0:97:27:13:31:75	-60	rumba	
1495919381	69:81:47:6b:5e:bd	-54	rumba	
1495919381	d0:fe:ca:df:5c:50	-88	rumba	
1495919381	7e:19:4c:f1:d6:a1	-92	rumba	
1495919381	98:d6:bb:25:ad:01	-92	rumba	
1495919381	13:2e:ef:7f:0c:29	-64	rumba	
1495919381	08:66:98:e6:f3:3f	-64	rumba	
1495919382	c1:91:01:2e:eb:17	-78	rumba	
1495919382	d7:ab:2a:70:b1:f6	-74	rumba	
1495919382	2c:b4:3a:1a:47:3d	-70	rumba	
1495919382	c1:91:01:2e:eb:17	-84	rumba	
1495919382	ee:8e:61:69:cb:da	-92	rumba	
1495919382	4d:0b:1e:74:d2:ae	-76	rumba	
1495919382	c1:91:01:2e:eb:17	-86	rumba	
1495919382	69:81:47:6b:5e:bd	-52	rumba	
1495919382	13:2e:ef:7f:0c:29	-64	rumba	
1495919382	65:8f:21:b4:48:41	-94	rumba	
1495919382	d7:ab:2a:70:b1:f6	-68	rumba	
1495919382	08:66:98:e6:f3:3f	-64	rumba	
1495919382	13:2e:ef:7f:0c:29	-64	rumba	
1495919382	d7:ab:2a:70:b1:f6	-74	rumba	
1495919382	ee:8e:61:69:cb:da	-86	rumba	
1495919382	7e:19:4c:f1:d6:a1	-94	rumba	
1495919382	c1:91:01:2e:eb:17	-86	rumba	
1495919382	2c:b4:3a:1a:47:3d	-76	rumba	
1495919382	4d:0b:1e:74:d2:ae	-74	rumba	
1495919382	65:8f:21:b4:48:41	-94	rumba	
1495919382	c1:91:01:2e:eb:17	-82	rumba	
1495919382	08:66:98:e6:f3:3f	-64	rumba	
1495919382	13:2e:ef:7f:0c:29	-64	rumba	
1495919382	c1:91:01:2e:eb:17	-84	rumba	
1495919382	df:31:a7:d4:1a:00	-74	rumba	
1495919382	d7:ab:2a:70:b1:f6	-68	rumba	
1495919383	e3:3a:0e:40:fa:90	-70	rumba	
1495919383	d7:ab:2a:70:b1:f6	-74	rumba	
1495919383	ee:8e:61:69:cb:da	-86	rumba	
1495919383	c0:97:27:13:31:75	-58	rumba	
1495919383	60:03:08:cb:f6:48	-94	rumba	
1495919383	d7:ab:2a:70:b1:f6	-70	rumba	
1495919383	d0:fe:ca:df:5c:50	-90	rumba	
1495919383	7e:19:4c:f1:d6:a1	-94	rumba	
1495919383	c0:97:27:13:31:75	-58	rumba	
1495919383	69:81:47:6b:5e:bd	-54	rumba	
1495919383	c1:91:01:2e:eb:17	-84	rumba	
1495919383	c0:97:27:13:31:75	-58	rumba	
1495919383	13:2e:ef:7f:0c:29	-62	rumba	
1495919383	c1:91:01:2e:eb:17	-84	rumba	
1495919383	ee:8e:61:69:cb:da	-96	rumba	
1495919383	65:8f:21:b4:48:41	-94	rumba	
1495919383	c0:97:27:13:31:75	-58	rumba	
1495919383	98:d6:bb:25:ad:01	-88	rumba	
1495919383	08:66:98:e6:f3:3f	-64	rumba	
1495919383	7e:19:4c:f1:d6:a1	-92	rumba	
1495919383	65:8f:21:b4:48:41	-94	rumba	
1495919383	d7:ab:2a:70:b1:f6	-70	rumba	
1495919383	2c:b4:3a:1a:47:3d	-76	rumba	
1495919383	13:2e:ef:7f:0c:29	-64	rumba	
1495919383	c1:91:01:2e:eb:17	-84	rumba	
1495919384	7e:19:4c:f1:d6:a1	-92	rumba	
1495919384	65:8f:21:b4:48:41	-92	rumba	
1495919384	d7:ab:2a:70:b1:f6	-70	rumba	
1495919384	ee:8e:61:69:cb:da	-96	rumba	
1495919384	d7:ab:2a:70:b1:f6	-74	rumba	
1495919384	65:8f:21:b4:48:41	-94	rumba	
1495919384	13:2e:ef:7f:0c:29	-64	rumba	
1495919384	d7:ab:2a:70:b1:f6	-70	rumba	
1495919384	d0:fe:ca:df:5c:50	-88	rumba	
1495919384	c1:91:01:2e:eb:17	-86	rumba	
1495919384	d0:fe:ca:df:5c:50	-88	rumba	
1495919384	4d:0b:1e:74:d2:ae	-74	rumba	
1495919384	ee:8e:61:69:cb:da	-94	rumba	
1495919384	c1:91:01:2e:eb:17	-84	rumba	
1495919384	13:2e:ef:7f:0c:29	-64	rumba	
1495919384	69:81:47:6b:5e:bd	-54	rumba	
1495919384	65:8f:21:b4:48:41	-92	rumba	
1495919384	d7:ab:2a:70:b1:f6	-74	rumba	
1495919384	d0:fe:ca:df:5c:50	-86	rumba	
1495919384	08:66:98:e6:f3:3f	-64	rumba	
1495919384	13:2e:ef:7f:0c:29	-64	rumba	
1495919384	65:8f:21:b4:48:41	-92	rumba	
1495919384	d0:fe:ca:df:5c:50	-90	rumba	
1495919384	c0:97:27:13:31:75	-70	rumba	
1495919384	c1:91:01:2e:eb:17	-86	rumba	
1495919384	98:d6:bb:25:ad:01	-88	rumba	
1495919384	d0:fe:ca:df:5c:50	-90	rumba	
1495919384	ee:8e:61:69:cb:da	-86	rumba	
1495919384	69:81:47:6b:5e:bd	-54	rumba	
1495919384	df:31:a7:d4:1a:00	-74	rumba	
1495919384	4d:0b:1e:74:d2:ae	-74	rumba	
1495919384	c0:97:27:13:31:75	-70	rumba	
1495919384	2c:b4:3a:1a:47:3d	-70	rumba	
1495919385	ee:8e:61:69:cb:da	-96	rumba	
1495919385	c1:91:01:2e:eb:17	-86	rumba	
1495919385	13:2e:ef:7f:0c:29	-64	rumba	
1495919385	d7:ab:2a:70:b1:f6	-68	rumba	
1495919385	ee:8e:61:69:cb:da	-94	rumba	
1495919385	69:81:47:6b:5e:bd	-52	rumba	
1495919385	d7:ab:2a:70:b1:f6	-74	rumba	
1495919385	7e:19:4c:f1:d6:a1	-94	rumba	
1495919385	08:66:98:e6:f3:3f	-64	rumba	
1495919385	13:2e:ef:7f:0c:29	-64	rumba	
1495919385	d0:fe:ca:df:5c:50	-90	rumba	
1495919385	60:03:08:cb:f6:48	-94	rumba	
1495919385	d0:fe:ca:df:5c:50	-88	rumba	
1495919385	65:8f:21:b4:48:41	-92	rumba	
1495919385	c1:91:01:2e:eb:17	-84	rumba	
1495919385	69:81:47:6b:5e:bd	-52	rumba	
1495919385	2c:b4:3a:1a:47:3d	-76	rumba	
1495919385	c1:91:01:2e:eb:17	-84	rumba	
1495919385	d7:ab:2a:70:b1:f6	-68	rumba	
1495919385	e3:3a:0e:40:fa:90	-70	rumba	
1495919385	7e:19:4c:f1:d6:a1	-94	rumba	
1495919385	65:8f:21:b4:48:41	-94	rumba	
1495919385	d7:ab:2a:70:b1:f6	-74	rumba	
1495919385	13:2e:ef:7f:0c:29	-64	rumba	
1495919385	d0:fe:ca:df:5c:50	-90	rumba	
1495919385	7e:19:4c:f1:d6:a1	-94	rumba	
1495919385	d7:ab:2a:70:b1:f6	-74	rumba	
1495919385	ee:8e:61:69:cb:da	-86	rumba	
1495919385	00:07:80:c6:28:93	-76	rumba	
1495919386	d7:ab:2a:70:b1:f6	-70	rumba	
1495919386	4d:0b:1e:74:d2:ae	-76	rumba	
1495919386	ee:8e:61:69:cb:da	-94	rumba	
1495919386	2c:b4:3a:1a:47:3d	-72	rumba	
1495919386	69:81:47:6b:5e:bd	-54	rumba	
1495919386	13:2e:ef:7f:0c:29	-64	rumba	
1495919386	65:8f:21:b4:48:41	-94	rumba	
1495919386	08:66:98:e6:f3:3f	-64	rumba	
1495919386	d7:ab:2a:70:b1:f6	-70	rumba	
1495919386	ee:8e:61:69:cb:da	-94	rumba	
1495919386	c0:97:27:13:31:75	-60	rumba	
1495919386	d7:ab:2a:70:b1:f6	-68	rumba	
1495919386	d7:ab:2a:70:b1:f6	-74	rumba	
1495919386	c0:97:27:13:31:75	-60	rumba	
1495919386	7e:19:4c:f1:d6:a1	-92	rumba	
1495919386	d0:fe:ca:df:5c:50	-88	rumba	
1495919386	98:d6:bb:25:ad:01	-88	rumba	
1495919386	13:2e:ef:7f:0c:29	-64	rumba	
1495919386	c0:97:27:13:31:75	-60	rumba	
1495919386	df:31:a7:d4:1a:00	-76	rumba	
1495919387	ee:8e:61:69:cb:da	-86	rumba	
1495919387	c1:91:01:2e:eb:17	-82	rumba	
1495919387	08:66:98:e6:f3:3f	-64	rumba	
1495919387	ee:8e:61:69:cb:da	-90	rumba	
1495919387	c1:91:01:2e:eb:17	-84	rumba	
1495919387	2c:b4:3a:1a:47:3d	-76	rumba	
1495919387	d0:fe:ca:df:5c:50	-86	rumba	
1495919387	13:2e:ef:7f:0c:29	-64	rumba	
1495919387	d0:fe:ca:df:5c:50	-86	rumba	
1495919387	d7:ab:2a:70:b1:f6	-70	rumba	
1495919387	08:66:98:e6:f3:3f	-64	rumba	
1495919387	ee:8e:61:69:cb:da	-96	rumba	
1495919387	13:2e:ef:7f:0c:29	-64	rumba	
1495919387	c1:91:01:2e:eb:17	-84	rumba	
1495919387	7e:19:4c:f1:d6:a1	-94	rumba	
1495919387	d7:ab:2a:70:b1:f6	-74	rumba	
1495919387	08:66:98:e6:f3:3f	-64	rumba	
1495919387	d0:fe:ca:df:5c:50	-86	rumba	
1495919387	7e:19:4c:f1:d6:a1	-92	rumba	
1495919388	13:2e:ef:7f:0c:29	-64	rumba	
1495919388	13:2e:ef:7f:0c:29	-64	rumba	
1495919388	2c:b4:3a:1a:47:3d	-72	rumba	
1495919388	69:81:47:6b:5e:bd	-54	rumba	
1495919388	c1:91:01:2e:eb:17	-86	rumba	
1495919388	00:07:80:c6:27:c0	-86	rumba	
1495919388	08:66:98:e6:f3:3f	-64	rumba	
1495919388	ee:8e:61:69:cb:da	-86	rumba	
1495919388	d0:fe:ca:df:5c:50	-86	rumba	
1495919388	d7:ab:2a:70:b1:f6	-70	rumba	
1495919388	65:8f:21:b4:48:41	-94	rumba	
1495919388	08:66:98:e6:f3:3f	-64	rumba	
1495919388	13:2e:ef:7f:0c:29	-64	rumba	
1495919388	98:d6:bb:25:ad:01	-86	rumba	
1495919388	c0:97:27:13:31:75	-58	rumba	
1495919388	d0:fe:ca:df:5c:50	-88	rumba	
1495919388	c0:97:27:13:31:75	-58	rumba	
1495919388	d7:ab:2a:70:b1:f6	-68	rumba	
1495919388	d0:fe:ca:df:5c:50	-88	rumba	
1495919388	4d:0b:1e:74:d2:ae	-76	rumba	
1495919388	69:81:47:6b:5e:bd	-52	rumba	
1495919388	c1:91:01:2e:eb:17	-86	rumba	
1495919388	d7:ab:2a:70:b1:f6	-74	rumba	
1495919388	ee:8e:61:69:cb:da	-86	rumba	
1495919388	c0:97:27:13:31:75	-58	rumba	
1495919388	7e:19:4c:f1:d6:a1	-92	rumba	
1495919388	65:8f:21:b4:48:41	-92	rumba	
1495919389	c0:97:27:13:31:75	-58	rumba	
1495919389	08:66:98:e6:f3:3f	-64	rumba	
1495919389	13:2e:ef:7f:0c:29	-64	rumba	
1495919389	d7:ab:2a:70:b1:f6	-70	rumba	
1495919389	7e:19:4c:f1:d6:a1	-94	rumba	
1495919389	65:8f:21:b4:48:41	-94	rumba	
1495919389	d7:ab:2a:70:b1:f6	-68	rumba	
1495919389	d0:fe:ca:df:5c:50	-88	rumba	
1495919389	2c:b4:3a:1a:47:3d	-74	rumba	
1495919389	69:81:47:6b:5e:bd	-50	rumba	
1495919389	d7:ab:2a:70:b1:f6	-74	rumba	
1495919389	7e:19:4c:f1:d6:a1	-94	rumba	
1495919389	c1:91:01:2e:eb:17	-84	rumba	
1495919389	e3:3a:0e:40:fa:90	-70	rumba	
1495919389	c1:91:01:2e:eb:17	-84	rumba	
1495919389	ee:8e:61:69:cb:da	-84	rumba	
1495919389	08:66:98:e6:f3:3f	-64	rumba	
1495919389	13:2e:ef:7f:0c:29	-64	rumba	
1495919389	d0:fe:ca:df:5c:50	-90	rumba	
1495919389	d0:fe:ca:df:5c:50	-88	rumba	
1495919389	c1:91:01:2e:eb:17	-86	rumba	
