1495897173	98:d6:bb:25:ad:01	-80	south	
1495897173	d7:ab:2a:70:b1:f6	-80	south	
1495897173	00:07:80:c6:27:c0	-76	south	
1495897173	c1:91:01:2e:eb:17	-94	south	
1495897173	d7:ab:2a:70:b1:f6	-84	south	
1495897174	08:66:98:e6:f3:3f	-60	south	
1495897174	7f:1a:99:ab:d5:65	-90	south	
1495897174	ee:8e:61:69:cb:da	-90	south	
1495897174	13:2e:ef:7f:0c:29	-62	south	
1495897174	98:d6:bb:25:ad:01	-90	south	
1495897174	2c:b4:3a:1a:47:3d	-86	south	
1495897174	d7:ab:2a:70:b1:f6	-80	south	
1495897174	d0:fe:ca:df:5c:50	-90	south	
1495897174	13:2e:ef:7f:0c:29	-62	south	
1495897174	ee:8e:61:69:cb:da	-90	south	
1495897174	08:66:98:e6:f3:3f	-64	south	
1495897174	c1:91:01:2e:eb:17	-96	south	
1495897174	60:03:08:cb:f6:48	-86	south	
1495897174	47:91:1a:0e:94:0e	-66	south	
1495897174	98:d6:bb:25:ad:01	-92	south	
1495897174	59:fc:12:dc:f1:9e	-96	south	
1495897174	d7:ab:2a:70:b1:f6	-80	south	
1495897174	52:58:70:e9:68:63	-96	south	
1495897175	d7:ab:2a:70:b1:f6	-84	south	
1495897175	d0:fe:ca:df:5c:50	-90	south	
1495897175	c1:91:01:2e:eb:17	-92	south	
1495897175	ee:8e:61:69:cb:da	-90	south	
1495897175	08:66:98:e6:f3:3f	-66	south	
1495897175	00:07:80:a3:98:39	-80	south	
1495897175	13:2e:ef:7f:0c:29	-66	south	
1495897175	c0:97:27:13:31:75	-62	south	
1495897175	d7:ab:2a:70:b1:f6	-84	south	
1495897175	ee:8e:61:69:cb:da	-92	south	
1495897175	e3:3a:0e:40:fa:90	-82	south	
1495897175	d7:ab:2a:70:b1:f6	-80	south	
1495897175	c0:97:27:13:31:75	-62	south	
1495897175	d0:fe:ca:df:5c:50	-86	south	
1495897175	c1:91:01:2e:eb:17	-94	south	
1495897175	08:66:98:e6:f3:3f	-62	south	
1495897175	c0:97:27:13:31:75	-62	south	
1495897175	13:2e:ef:7f:0c:29	-62	south	
1495897175	08:66:98:e6:f3:3f	-64	south	
1495897175	00:07:80:c6:27:c0	-78	south	
1495897175	2c:b4:3a:1a:47:3d	-86	south	
1495897175	d7:ab:2a:70:b1:f6	-82	south	
1495897175	ee:8e:61:69:cb:da	-90	south	
1495897175	c0:97:27:13:31:75	-62	south	
1495897176	7f:1a:99:ab:d5:65	-86	south	
1495897176	d7:ab:2a:70:b1:f6	-84	south	
1495897176	ee:8e:61:69:cb:da	-96	south	
1495897176	d0:fe:ca:df:5c:50	-90	south	
1495897176	47:91:1a:0e:94:0e	-64	south	
1495897176	c1:91:01:2e:eb:17	-92	south	
1495897176	52:58:70:e9:68:63	-94	south	
1495897176	d7:ab:2a:70:b1:f6	-82	south	
1495897176	59:fc:12:dc:f1:9e	-94	south	
1495897176	d0:fe:ca:df:5c:50	-88	south	
1495897176	c1:91:01:2e:eb:17	-96	south	
1495897176	13:2e:ef:7f:0c:29	-62	south	
1495897176	47:91:1a:0e:94:0e	-68	south	
1495897176	04:88:e2:a0:4f:87	-74	south	
1495897176	13:2e:ef:7f:0c:29	-64	south	
1495897176	08:66:98:e6:f3:3f	-66	south	
1495897176	d7:ab:2a:70:b1:f6	-80	south	
1495897176	2c:b4:3a:1a:47:3d	-84	south	
1495897176	d7:ab:2a:70:b1:f6	-84	south	
1495897176	47:91:1a:0e:94:0e	-62	south	
1495897176	98:d6:bb:25:ad:01	-80	south	
1495897176	ee:8e:61:69:cb:da	-90	south	
1495897176	c1:91:01:2e:eb:17	-94	south	
1495897176	ee:8e:61:69:cb:da	-88	south	
1495897176	c1:91:01:2e:eb:17	-96	south	
1495897176	ee:8e:61:69:cb:da	-94	south	
1495897176	d0:fe:ca:df:5c:50	-88	south	
1495897176	c1:91:01:2e:eb:17	-92	south	
1495897176	13:2e:ef:7f:0c:29	-66	south	
1495897177	08:66:98:e6:f3:3f	-62	south	
1495897177	d7:ab:2a:70:b1:f6	-80	south	
1495897177	60:03:08:cb:f6:48	-88	south	
1495897177	2c:b4:3a:1a:47:3d	-80	south	
1495897177	d7:ab:2a:70:b1:f6	-84	south	
1495897177	c1:91:01:2e:eb:17	-92	south	
1495897177	c0:97:27:13:31:75	-66	south	
1495897177	d7:ab:2a:70:b1:f6	-80	south	
1495897177	c0:97:27:13:31:75	-66	south	
1495897177	d0:fe:ca:df:5c:50	-88	south	
1495897177	00:07:80:c6:27:e7	-82	south	
1495897177	d0:fe:ca:df:5c:50	-88	south	
1495897177	c0:97:27:13:31:75	-68	south	
1495897177	13:2e:ef:7f:0c:29	-62	south	
1495897177	08:66:98:e6:f3:3f	-64	south	
1495897177	60:03:08:cb:f6:48	-86	south	
1495897177	2c:b4:3a:1a:47:3d	-86	south	
1495897177	c0:97:27:13:31:75	-68	south	
1495897177	47:91:1a:0e:94:0e	-70	south	
1495897177	c0:97:27:13:31:75	-66	south	
1495897177	d0:fe:ca:df:5c:50	-90	south	
1495897177	04:88:e2:a0:4f:87	-76	south	
1495897177	98:d6:bb:25:ad:01	-80	south	
1495897177	d7:ab:2a:70:b1:f6	-86	south	
1495897177	c0:97:27:13:31:75	-66	south	
1495897178	47:91:1a:0e:94:0e	-62	south	
1495897178	13:2e:ef:7f:0c:29	-64	south	
1495897178	08:66:98:e6:f3:3f	-66	south	
1495897178	c0:97:27:13:31:75	-66	south	
1495897178	60:03:08:cb:f6:48	-90	south	
1495897178	2c:b4:3a:1a:47:3d	-86	south	
1495897178	e3:3a:0e:40:fa:90	-78	south	
1495897178	ee:8e:61:69:cb:da	-94	south	
1495897178	c0:97:27:13:31:75	-66	south	
1495897178	47:91:1a:0e:94:0e	-64	south	
1495897178	c1:91:01:2e:eb:17	-96	south	
1495897178	2c:b4:3a:1a:47:3d	-80	south	
1495897178	d7:ab:2a:70:b1:f6	-82	south	
1495897178	13:2e:ef:7f:0c:29	-64	south	
1495897178	08:66:98:e6:f3:3f	-64	south	
1495897178	98:d6:bb:25:ad:01	-92	south	
1495897178	d7:ab:2a:70:b1:f6	-84	south	
1495897178	d0:fe:ca:df:5c:50	-86	south	
1495897178	ee:8e:61:69:cb:da	-92	south	
1495897178	00:07:80:c6:28:93	-72	south	
1495897178	c1:91:01:2e:eb:17	-92	south	
1495897178	d7:ab:2a:70:b1:f6	-80	south	
1495897178	59:fc:12:dc:f1:9e	-96	south	
1495897178	d0:fe:ca:df:5c:50	-88	south	
1495897179	13:2e:ef:7f:0c:29	-64	south	
1495897179	98:d6:bb:25:ad:01	-92	south	
1495897179	7f:1a:99:ab:d5:65	-86	south	
1495897179	08:66:98:e6:f3:3f	-62	south	
1495897179	d0:fe:ca:df:5c:50	-86	south	
1495897179	ee:8e:61:69:cb:da	-92	south	
1495897179	c0:97:27:13:31:75	-64	south	
1495897179	d7:ab:2a:70:b1:f6	-84	south	
1495897179	60:03:08:cb:f6:48	-86	south	
1495897179	7f:1a:99:ab:d5:65	-86	south	
1495897179	c0:97:27:13:31:75	-64	south	
1495897179	df:31:a7:d4:1a:00	-92	south	
1495897179	04:88:e2:a0:4f:87	-70	south	
1495897179	d0:fe:ca:df:5c:50	-90	south	
1495897179	c0:97:27:13:31:75	-64	south	
1495897179	c1:91:01:2e:eb:17	-96	south	
1495897179	59:fc:12:dc:f1:9e	-96	south	
1495897179	d0:fe:ca:df:5c:50	-88	south	
1495897179	08:66:98:e6:f3:3f	-64	south	
1495897179	c1:91:01:2e:eb:17	-92	south	
1495897179	2c:b4:3a:1a:47:3d	-80	south	
1495897179	c0:97:27:13:31:75	-64	south	
1495897179	ee:8e:61:69:cb:da	-90	south	
1495897179	d7:ab:2a:70:b1:f6	-84	south	
1495897179	98:d6:bb:25:ad:01	-90	south	
1495897179	59:fc:12:dc:f1:9e	-96	south	
1495897179	ee:8e:61:69:cb:da	-90	south	
1495897179	60:03:08:cb:f6:48	-86	south	
1495897180	13:2e:ef:7f:0c:29	-64	south	
1495897180	d0:fe:ca:df:5c:50	-88	south	
1495897180	08:66:98:e6:f3:3f	-66	south	
1495897180	d7:ab:2a:70:b1:f6	-82	south	
1495897180	c1:91:01:2e:eb:17	-96	south	
1495897180	00:07:80:c6:27:c1	-84	south	
1495897180	d7:ab:2a:70:b1:f6	-84	south	
1495897180	d0:fe:ca:df:5c:50	-90	south	
1495897180	d7:ab:2a:70:b1:f6	-82	south	
1495897180	d7:ab:2a:70:b1:f6	-82	south	
1495897180	60:03:08:cb:f6:48	-86	south	
1495897180	c1:91:01:2e:eb:17	-96	south	
1495897180	4c:ea:da:b5:84:59	-96	south	
1495897180	2c:b4:3a:1a:47:3d	-84	south	
1495897180	47:91:1a:0e:94:0e	-66	south	
1495897180	00:07:80:c6:28:93	-68	south	
1495897180	13:2e:ef:7f:0c:29	-60	south	
1495897180	98:d6:bb:25:ad:01	-82	south	
1495897180	00:07:80:37:d5:5c	-92	south	
1495897180	08:66:98:e6:f3:3f	-64	south	
1495897180	ee:8e:61:69:cb:da	-92	south	
1495897180	d7:ab:2a:70:b1:f6	-80	south	
1495897180	d0:fe:ca:df:5c:50	-88	south	
1495897180	c1:91:01:2e:eb:17	-92	south	
1495897180	04:88:e2:a0:4f:87	-72	south	
1495897181	d7:ab:2a:70:b1:f6	-82	south	
1495897181	60:03:08:cb:f6:48	-92	south	
1495897181	2c:b4:3a:1a:47:3d	-84	south	
1495897181	d7:ab:2a:70:b1:f6	-84	south	
1495897181	c1:91:01:2e:eb:17	-94	south	
1495897181	c1:91:01:2e:eb:17	-94	south	
1495897181	2c:b4:3a:1a:47:3d	-80	south	
1495897181	13:2e:ef:7f:0c:29	-64	south	
1495897181	98:d6:bb:25:ad:01	-90	south	
1495897181	00:07:80:a3:98:39	-78	south	
1495897181	08:66:98:e6:f3:3f	-66	south	
1495897181	d7:ab:2a:70:b1:f6	-82	south	
1495897181	c0:97:27:13:31:75	-62	south	
1495897181	7f:1a:99:ab:d5:65	-88	south	
1495897181	ee:8e:61:69:cb:da	-92	south	
1495897181	d7:ab:2a:70:b1:f6	-82	south	
1495897181	13:2e:ef:7f:0c:29	-64	south	
1495897181	c0:97:27:13:31:75	-62	south	
1495897181	2c:b4:3a:1a:47:3d	-80	south	
1495897181	d0:fe:ca:df:5c:50	-88	south	
1495897181	ce:fc:9c:56:84:6a	-88	south	
1495897181	c0:97:27:13:31:75	-62	south	
1495897181	2c:b4:3a:1a:47:3d	-86	south	
1495897181	ee:8e:61:69:cb:da	-92	south	
1495897181	c0:97:27:13:31:75	-62	south	
1495897181	13:2e:ef:7f:0c:29	-64	south	
1495897181	ee:8e:61:69:cb:da	-94	south	
1495897182	7f:1a:99:ab:d5:65	-86	south	
1495897182	d7:ab:2a:70:b1:f6	-80	south	
1495897182	e3:3a:0e:40:fa:90	-80	south	
1495897182	13:2e:ef:7f:0c:29	-60	south	
1495897182	08:66:98:e6:f3:3f	-64	south	
1495897182	d7:ab:2a:70:b1:f6	-86	south	
1495897182	2c:b4:3a:1a:47:3d	-86	south	
1495897182	d7:ab:2a:70:b1:f6	-80	south	
1495897182	98:d6:bb:25:ad:01	-92	south	
1495897182	2c:b4:3a:1a:47:3d	-86	south	
1495897182	d0:fe:ca:df:5c:50	-88	south	
1495897182	ee:8e:61:69:cb:da	-94	south	
1495897182	04:88:e2:a0:4f:87	-76	south	
1495897182	ee:8e:61:69:cb:da	-90	south	
1495897182	13:2e:ef:7f:0c:29	-64	south	
1495897182	08:66:98:e6:f3:3f	-66	south	
1495897182	c1:91:01:2e:eb:17	-92	south	
1495897182	c1:91:01:2e:eb:17	-96	south	
1495897182	d7:ab:2a:70:b1:f6	-80	south	
1495897182	2c:b4:3a:1a:47:3d	-80	south	
1495897182	d0:fe:ca:df:5c:50	-90	south	
1495897182	c0:97:27:13:31:75	-68	south	
1495897182	ee:8e:61:69:cb:da	-94	south	
1495897183	d0:fe:ca:df:5c:50	-88	south	
1495897183	c0:97:27:13:31:75	-66	south	
1495897183	08:66:98:e6:f3:3f	-60	south	
1495897183	60:03:08:cb:f6:48	-86	south	
1495897183	c0:97:27:13:31:75	-66	south	
1495897183	ee:8e:61:69:cb:da	-92	south	
1495897183	d7:ab:2a:70:b1:f6	-80	south	
1495897183	c1:91:01:2e:eb:17	-96	south	
1495897183	d7:ab:2a:70:b1:f6	-82	south	
1495897183	ee:8e:61:69:cb:da	-90	south	
1495897183	c0:97:27:13:31:75	-68	south	
1495897183	d0:fe:ca:df:5c:50	-90	south	
1495897183	47:91:1a:0e:94:0e	-70	south	
1495897183	00:07:80:a3:98:39	-80	south	
1495897183	c1:91:01:2e:eb:17	-96	south	
1495897183	2c:b4:3a:1a:47:3d	-86	south	
1495897183	d0:fe:ca:df:5c:50	-88	south	
1495897183	c0:97:27:13:31:75	-66	south	
1495897183	98:d6:bb:25:ad:01	-92	south	
1495897183	7f:1a:99:ab:d5:65	-90	south	
1495897183	c0:97:27:13:31:75	-66	south	
1495897183	13:2e:ef:7f:0c:29	-60	south	
1495897183	c1:91:01:2e:eb:17	-92	south	
1495897183	08:66:98:e6:f3:3f	-64	south	
1495897183	60:03:08:cb:f6:48	-86	south	
1495897183	2c:b4:3a:1a:47:3d	-86	south	
1495897183	d7:ab:2a:70:b1:f6	-80	south	
1495897183	4c:ea:da:b5:84:59	-96	south	
1495897183	c1:91:01:2e:eb:17	-96	south	
1495897183	c0:97:27:13:31:75	-68	south	
1495897183	7f:1a:99:ab:d5:65	-88	south	
1495897183	13:2e:ef:7f:0c:29	-64	south	
1495897183	c1:91:01:2e:eb:17	-94	south	
1495897184	2c:b4:3a:1a:47:3d	-84	south	
1495897184	98:d6:bb:25:ad:01	-80	south	
1495897184	d7:ab:2a:70:b1:f6	-84	south	
1495897184	d7:ab:2a:70:b1:f6	-82	south	
1495897184	ee:8e:61:69:cb:da	-92	south	
1495897184	13:2e:ef:7f:0c:29	-64	south	
1495897184	60:03:08:cb:f6:48	-86	south	
1495897184	2c:b4:3a:1a:47:3d	-80	south	
1495897184	ee:8e:61:69:cb:da	-94	south	
1495897184	d7:ab:2a:70:b1:f6	-80	south	
1495897184	e3:3a:0e:40:fa:90	-84	south	
1495897184	98:d6:bb:25:ad:01	-90	south	
1495897184	04:88:e2:a0:4f:87	-72	south	
1495897184	52:58:70:e9:68:63	-96	south	
1495897184	c1:91:01:2e:eb:17	-94	south	
1495897185	d0:fe:ca:df:5c:50	-90	south	
1495897185	98:d6:bb:25:ad:01	-90	south	
1495897185	47:91:1a:0e:94:0e	-66	south	
1495897185	60:03:08:cb:f6:48	-86	south	
1495897185	59:fc:12:dc:f1:9e	-94	south	
1495897185	d7:ab:2a:70:b1:f6	-84	south	
1495897185	47:91:1a:0e:94:0e	-60	south	
1495897185	c0:97:27:13:31:75	-64	south	
1495897185	d7:ab:2a:70:b1:f6	-80	south	
1495897185	08:66:98:e6:f3:3f	-64	south	
1495897185	c1:91:01:2e:eb:17	-96	south	
1495897185	c0:97:27:13:31:75	-64	south	
1495897185	13:2e:ef:7f:0c:29	-64	south	
1495897185	ee:8e:61:69:cb:da	-96	south	
1495897185	08:66:98:e6:f3:3f	-66	south	
1495897185	d0:fe:ca:df:5c:50	-88	south	
1495897185	2c:b4:3a:1a:47:3d	-84	south	
1495897185	13:2e:ef:7f:0c:29	-64	south	
1495897185	7f:1a:99:ab:d5:65	-90	south	
1495897185	c1:91:01:2e:eb:17	-96	south	
1495897186	d7:ab:2a:70:b1:f6	-80	south	
1495897186	ee:8e:61:69:cb:da	-92	south	
1495897186	13:2e:ef:7f:0c:29	-64	south	
1495897186	08:66:98:e6:f3:3f	-62	south	
1495897186	d0:fe:ca:df:5c:50	-88	south	
1495897186	98:d6:bb:25:ad:01	-80	south	
1495897186	60:03:08:cb:f6:48	-86	south	
1495897186	59:fc:12:dc:f1:9e	-94	south	
1495897186	d7:ab:2a:70:b1:f6	-84	south	
1495897186	7f:1a:99:ab:d5:65	-86	south	
1495897186	c1:91:01:2e:eb:17	-92	south	
1495897186	ee:8e:61:69:cb:da	-90	south	
1495897186	2c:b4:3a:1a:47:3d	-80	south	
1495897186	13:2e:ef:7f:0c:29	-62	south	
1495897186	d0:fe:ca:df:5c:50	-88	south	
1495897186	08:66:98:e6:f3:3f	-64	south	
1495897186	98:d6:bb:25:ad:01	-90	south	
1495897186	d7:ab:2a:70:b1:f6	-80	south	
1495897186	d0:fe:ca:df:5c:50	-90	south	
1495897186	c1:91:01:2e:eb:17	-92	south	
1495897186	2c:b4:3a:1a:47:3d	-80	south	
1495897186	ee:8e:61:69:cb:da	-90	south	
1495897186	47:91:1a:0e:94:0e	-64	south	
1495897187	00:07:80:37:d5:5c	-90	south	
1495897187	04:88:e2:a0:4f:87	-70	south	
1495897187	ee:8e:61:69:cb:da	-92	south	
1495897187	98:d6:bb:25:ad:01	-92	south	
1495897187	4c:ea:da:b5:84:59	-94	south	
1495897187	2c:b4:3a:1a:47:3d	-86	south	
1495897187	ee:8e:61:69:cb:da	-94	south	
1495897187	d7:ab:2a:70:b1:f6	-80	south	
1495897187	d0:fe:ca:df:5c:50	-86	south	
1495897187	13:2e:ef:7f:0c:29	-64	south	
1495897187	08:66:98:e6:f3:3f	-66	south	
1495897187	47:91:1a:0e:94:0e	-74	south	
1495897187	d7:ab:2a:70:b1:f6	-80	south	
1495897187	c1:91:01:2e:eb:17	-96	south	
1495897187	c0:97:27:13:31:75	-60	south	
1495897187	d7:ab:2a:70:b1:f6	-84	south	
1495897187	d0:fe:ca:df:5c:50	-90	south	
1495897187	c0:97:27:13:31:75	-62	south	
1495897187	47:91:1a:0e:94:0e	-60	south	
1495897187	13:2e:ef:7f:0c:29	-64	south	
1495897187	c1:91:01:2e:eb:17	-92	south	
1495897187	c0:97:27:13:31:75	-62	south	
1495897187	2c:b4:3a:1a:47:3d	-84	south	
1495897187	00:07:80:c6:27:e7	-80	south	
1495897187	7f:1a:99:ab:d5:65	-86	south	
1495897187	13:2e:ef:7f:0c:29	-64	south	
1495897187	47:91:1a:0e:94:0e	-64	south	
1495897187	ee:8e:61:69:cb:da	-90	south	
1495897187	d7:ab:2a:70:b1:f6	-80	south	
1495897187	d0:fe:ca:df:5c:50	-88	south	
1495897188	7f:1a:99:ab:d5:65	-90	south	
1495897188	ee:8e:61:69:cb:da	-90	south	
1495897188	c0:97:27:13:31:75	-62	south	
1495897188	ce:fc:9c:56:84:6a	-88	south	
1495897188	ee:8e:61:69:cb:da	-92	south	
1495897188	2c:b4:3a:1a:47:3d	-80	south	
1495897188	d0:fe:ca:df:5c:50	-88	south	
1495897188	00:07:80:d2:02:5b	-88	south	
1495897188	c0:97:27:13:31:75	-62	south	
1495897188	ee:8e:61:69:cb:da	-90	south	
1495897188	08:66:98:e6:f3:3f	-64	south	
1495897188	c0:97:27:13:31:75	-62	south	
1495897188	d7:ab:2a:70:b1:f6	-84	south	
1495897188	d0:fe:ca:df:5c:50	-88	south	
1495897188	08:66:98:e6:f3:3f	-64	south	
1495897188	d7:ab:2a:70:b1:f6	-82	south	
1495897188	d0:fe:ca:df:5c:50	-88	south	
1495897188	c0:97:27:13:31:75	-62	south	
1495897188	04:88:e2:a0:4f:87	-72	south	
1495897188	c1:91:01:2e:eb:17	-94	south	
1495897188	ee:8e:61:69:cb:da	-90	south	
1495897188	c1:91:01:2e:eb:17	-92	south	
1495897188	ee:8e:61:69:cb:da	-92	south	
1495897188	c1:91:01:2e:eb:17	-96	south	
1495897188	ee:8e:61:69:cb:da	-90	south	
1495897188	d7:ab:2a:70:b1:f6	-80	south	
1495897188	13:2e:ef:7f:0c:29	-64	south	
1495897188	98:d6:bb:25:ad:01	-94	south	
1495897188	d7:ab:2a:70:b1:f6	-84	south	
1495897189	d0:fe:ca:df:5c:50	-90	south	
1495897189	00:07:80:c6:28:93	-70	south	
1495897189	00:07:80:d2:02:15	-74	south	
1495897189	13:2e:ef:7f:0c:29	-64	south	
1495897189	d0:fe:ca:df:5c:50	-86	south	
1495897189	c1:91:01:2e:eb:17	-94	south	
1495897189	4c:ea:da:b5:84:59	-96	south	
1495897189	2c:b4:3a:1a:47:3d	-80	south	
1495897189	d7:ab:2a:70:b1:f6	-82	south	
1495897189	ee:8e:61:69:cb:da	-90	south	
1495897189	d0:fe:ca:df:5c:50	-88	south	
1495897189	08:66:98:e6:f3:3f	-64	south	
1495897189	7f:1a:99:ab:d5:65	-86	south	
1495897189	c0:97:27:13:31:75	-68	south	
1495897189	98:d6:bb:25:ad:01	-90	south	
1495897189	60:03:08:cb:f6:48	-86	south	
1495897189	c1:91:01:2e:eb:17	-96	south	
1495897189	d7:ab:2a:70:b1:f6	-80	south	
1495897189	ee:8e:61:69:cb:da	-88	south	
1495897189	c1:91:01:2e:eb:17	-92	south	
1495897189	c0:97:27:13:31:75	-68	south	
1495897189	08:66:98:e6:f3:3f	-64	south	
1495897189	c0:97:27:13:31:75	-68	south	
1495897189	13:2e:ef:7f:0c:29	-60	south	
1495897189	47:91:1a:0e:94:0e	-72	south	
1495897190	2c:b4:3a:1a:47:3d	-86	south	
1495897190	d7:ab:2a:70:b1:f6	-82	south	
1495897190	ee:8e:61:69:cb:da	-90	south	
1495897190	d0:fe:ca:df:5c:50	-86	south	
1495897190	d7:ab:2a:70:b1:f6	-82	south	
1495897190	c1:91:01:2e:eb:17	-92	south	
1495897190	08:66:98:e6:f3:3f	-60	south	
1495897190	98:d6:bb:25:ad:01	-80	south	
1495897190	13:2e:ef:7f:0c:29	-64	south	
1495897190	d0:fe:ca:df:5c:50	-90	south	
1495897190	d0:fe:ca:df:5c:50	-86	south	
1495897190	98:d6:bb:25:ad:01	-80	south	
1495897190	60:03:08:cb:f6:48	-86	south	
1495897190	2c:b4:3a:1a:47:3d	-80	south	
1495897190	98:d6:bb:25:ad:01	-90	south	
1495897190	ee:8e:61:69:cb:da	-90	south	
1495897191	52:58:70:e9:68:63	-96	south	
1495897191	c1:91:01:2e:eb:17	-94	south	
1495897191	13:2e:ef:7f:0c:29	-64	south	
1495897191	d0:fe:ca:df:5c:50	-88	south	
1495897191	00:07:80:d2:02:15	-74	south	
1495897191	e3:3a:0e:40:fa:90	-84	south	
1495897191	d7:ab:2a:70:b1:f6	-82	south	
1495897191	d0:fe:ca:df:5c:50	-86	south	
1495897191	c1:91:01:2e:eb:17	-96	south	
1495897191	08:66:98:e6:f3:3f	-64	south	
1495897191	60:03:08:cb:f6:48	-86	south	
1495897191	2c:b4:3a:1a:47:3d	-88	south	
1495897191	08:66:98:e6:f3:3f	-66	south	
1495897191	98:d6:bb:25:ad:01	-94	south	
1495897191	ee:8e:61:69:cb:da	-90	south	
1495897191	7f:1a:99:ab:d5:65	-92	south	
1495897191	d7:ab:2a:70:b1:f6	-84	south	
1495897191	ee:8e:61:69:cb:da	-96	south	
1495897191	47:91:1a:0e:94:0e	-72	south	
1495897191	c0:97:27:13:31:75	-64	south	
1495897191	d0:fe:ca:df:5c:50	-88	south	
1495897191	13:2e:ef:7f:0c:29	-60	south	
1495897191	c1:91:01:2e:eb:17	-90	south	
1495897191	04:88:e2:a0:4f:87	-68	south	
1495897191	00:07:80:a3:98:39	-76	south	
1495897191	ee:8e:61:69:cb:da	-90	south	
1495897191	d0:fe:ca:df:5c:50	-88	south	
1495897191	c1:91:01:2e:eb:17	-96	south	
1495897191	c0:97:27:13:31:75	-66	south	
1495897191	7f:1a:99:ab:d5:65	-86	south	
1495897191	c1:91:01:2e:eb:17	-96	south	
1495897191	2c:b4:3a:1a:47:3d	-82	south	
1495897191	47:91:1a:0e:94:0e	-60	south	
1495897191	c0:97:27:13:31:75	-64	south	
1495897191	d7:ab:2a:70:b1:f6	-82	south	
1495897191	52:58:70:e9:68:63	-96	south	
1495897192	13:2e:ef:7f:0c:29	-60	south	
1495897192	08:66:98:e6:f3:3f	-62	south	
1495897192	7f:1a:99:ab:d5:65	-86	south	
1495897192	c0:97:27:13:31:75	-64	south	
1495897192	d0:fe:ca:df:5c:50	-88	south	
1495897192	98:d6:bb:25:ad:01	-90	south	
1495897192	ee:8e:61:69:cb:da	-90	south	
1495897192	c0:97:27:13:31:75	-64	south	
1495897192	00:07:80:c6:27:c0	-76	south	
1495897192	2c:b4:3a:1a:47:3d	-80	south	
1495897192	c1:91:01:2e:eb:17	-92	south	
1495897192	c0:97:27:13:31:75	-64	south	
1495897192	13:2e:ef:7f:0c:29	-64	south	
1495897192	08:66:98:e6:f3:3f	-64	south	
1495897192	d7:ab:2a:70:b1:f6	-80	south	
1495897192	60:03:08:cb:f6:48	-86	south	
1495897192	d0:fe:ca:df:5c:50	-90	south	
1495897192	98:d6:bb:25:ad:01	-92	south	
1495897192	d0:fe:ca:df:5c:50	-88	south	
1495897192	08:66:98:e6:f3:3f	-64	south	
1495897192	47:91:1a:0e:94:0e	-70	south	
1495897193	ee:8e:61:69:cb:da	-88	south	
1495897193	d7:ab:2a:70:b1:f6	-80	south	
1495897193	13:2e:ef:7f:0c:29	-64	south	
1495897193	08:66:98:e6:f3:3f	-64	south	
1495897193	60:03:08:cb:f6:48	-88	south	
1495897193	4c:ea:da:b5:84:59	-96	south	
1495897193	47:91:1a:0e:94:0e	-68	south	
1495897193	2c:b4:3a:1a:47:3d	-82	south	
1495897193	ee:8e:61:69:cb:da	-88	south	
1495897193	13:2e:ef:7f:0c:29	-62	south	
1495897193	08:66:98:e6:f3:3f	-60	south	
1495897193	60:03:08:cb:f6:48	-86	south	
1495897193	d0:fe:ca:df:5c:50	-90	south	
1495897193	d0:fe:ca:df:5c:50	-86	south	
1495897193	98:d6:bb:25:ad:01	-90	south	
1495897193	c1:91:01:2e:eb:17	-96	south	
1495897194	47:91:1a:0e:94:0e	-60	south	
1495897194	2c:b4:3a:1a:47:3d	-80	south	
1495897194	ee:8e:61:69:cb:da	-90	south	
1495897194	08:66:98:e6:f3:3f	-64	south	
1495897194	13:2e:ef:7f:0c:29	-64	south	
1495897194	60:03:08:cb:f6:48	-86	south	
1495897194	47:91:1a:0e:94:0e	-68	south	
1495897194	d7:ab:2a:70:b1:f6	-80	south	
1495897194	c0:97:27:13:31:75	-62	south	
1495897194	08:66:98:e6:f3:3f	-66	south	
1495897194	00:07:80:d2:02:5b	-90	south	
1495897194	d7:ab:2a:70:b1:f6	-84	south	
1495897194	00:07:80:c6:27:c0	-78	south	
1495897194	c1:91:01:2e:eb:17	-94	south	
1495897194	c0:97:27:13:31:75	-60	south	
1495897194	52:58:70:e9:68:63	-94	south	
1495897194	c0:97:27:13:31:75	-62	south	
1495897194	04:88:e2:a0:4f:87	-74	south	
1495897194	ee:8e:61:69:cb:da	-90	south	
1495897194	13:2e:ef:7f:0c:29	-64	south	
1495897194	98:d6:bb:25:ad:01	-96	south	
1495897194	60:03:08:cb:f6:48	-90	south	
1495897194	2c:b4:3a:1a:47:3d	-82	south	
1495897194	c0:97:27:13:31:75	-62	south	
1495897194	ee:8e:61:69:cb:da	-94	south	
1495897194	d0:fe:ca:df:5c:50	-88	south	
1495897194	08:66:98:e6:f3:3f	-60	south	
1495897195	e3:3a:0e:40:fa:90	-78	south	
1495897195	c1:91:01:2e:eb:17	-96	south	
1495897195	d7:ab:2a:70:b1:f6	-80	south	
1495897195	c1:91:01:2e:eb:17	-92	south	
1495897195	ee:8e:61:69:cb:da	-90	south	
1495897195	00:07:80:d2:02:15	-74	south	
1495897195	13:2e:ef:7f:0c:29	-62	south	
1495897195	98:d6:bb:25:ad:01	-80	south	
1495897195	2c:b4:3a:1a:47:3d	-80	south	
1495897195	d7:ab:2a:70:b1:f6	-80	south	
1495897195	df:31:a7:d4:1a:00	-90	south	
1495897195	08:66:98:e6:f3:3f	-64	south	
1495897195	52:58:70:e9:68:63	-96	south	
1495897195	7f:1a:99:ab:d5:65	-86	south	
1495897195	d0:fe:ca:df:5c:50	-90	south	
1495897195	ee:8e:61:69:cb:da	-90	south	
1495897195	d7:ab:2a:70:b1:f6	-84	south	
1495897195	ee:8e:61:69:cb:da	-92	south	
1495897195	c1:91:01:2e:eb:17	-94	south	
1495897195	13:2e:ef:7f:0c:29	-64	south	
1495897195	c0:97:27:13:31:75	-66	south	
1495897195	c1:91:01:2e:eb:17	-92	south	
1495897195	47:91:1a:0e:94:0e	-68	south	
1495897196	08:66:98:e6:f3:3f	-64	south	
1495897196	c0:97:27:13:31:75	-66	south	
1495897196	98:d6:bb:25:ad:01	-92	south	
1495897196	d0:fe:ca:df:5c:50	-88	south	
1495897196	52:58:70:e9:68:63	-96	south	
1495897196	d7:ab:2a:70:b1:f6	-80	south	
1495897196	c0:97:27:13:31:75	-66	south	
1495897196	47:91:1a:0e:94:0e	-60	south	
1495897196	98:d6:bb:25:ad:01	-80	south	
1495897196	d7:ab:2a:70:b1:f6	-84	south	
1495897196	ee:8e:61:69:cb:da	-90	south	
1495897196	c0:97:27:13:31:75	-66	south	
1495897196	13:2e:ef:7f:0c:29	-64	south	
1495897196	c1:91:01:2e:eb:17	-90	south	
1495897196	2c:b4:3a:1a:47:3d	-82	south	
1495897196	c0:97:27:13:31:75	-66	south	
1495897196	47:91:1a:0e:94:0e	-64	south	
1495897196	c1:91:01:2e:eb:17	-94	south	
1495897196	4c:ea:da:b5:84:59	-96	south	
1495897196	c0:97:27:13:31:75	-66	south	
1495897196	d0:fe:ca:df:5c:50	-90	south	
1495897196	c1:91:01:2e:eb:17	-92	south	
1495897196	ee:8e:61:69:cb:da	-90	south	
1495897196	c0:97:27:13:31:75	-66	south	
1495897196	c0:97:27:13:31:75	-68	south	
1495897196	13:2e:ef:7f:0c:29	-60	south	
1495897196	d7:ab:2a:70:b1:f6	-80	south	
1495897197	04:88:e2:a0:4f:87	-72	south	
1495897197	d7:ab:2a:70:b1:f6	-84	south	
1495897197	60:03:08:cb:f6:48	-86	south	
1495897197	d7:ab:2a:70:b1:f6	-82	south	
1495897197	4c:ea:da:b5:84:59	-96	south	
1495897197	d0:fe:ca:df:5c:50	-86	south	
1495897197	c1:91:01:2e:eb:17	-94	south	
1495897197	98:d6:bb:25:ad:01	-92	south	
1495897197	ee:8e:61:69:cb:da	-90	south	
1495897197	df:31:a7:d4:1a:00	-96	south	
1495897197	d7:ab:2a:70:b1:f6	-80	south	
1495897197	13:2e:ef:7f:0c:29	-64	south	
1495897197	e3:3a:0e:40:fa:90	-84	south	
1495897197	d7:ab:2a:70:b1:f6	-84	south	
1495897197	c1:91:01:2e:eb:17	-96	south	
1495897197	52:58:70:e9:68:63	-96	south	
1495897197	d0:fe:ca:df:5c:50	-86	south	
1495897197	00:07:80:a3:98:39	-80	south	
1495897197	98:d6:bb:25:ad:01	-80	south	
1495897198	00:07:80:c6:27:e7	-82	south	
1495897198	13:2e:ef:7f:0c:29	-64	south	
1495897198	2c:b4:3a:1a:47:3d	-82	south	
1495897198	47:91:1a:0e:94:0e	-70	south	
1495897198	59:fc:12:dc:f1:9e	-94	south	
1495897198	d7:ab:2a:70:b1:f6	-82	south	
1495897198	d0:fe:ca:df:5c:50	-88	south	
1495897198	d7:ab:2a:70:b1:f6	-80	south	
1495897198	60:03:08:cb:f6:48	-86	south	
1495897198	98:d6:bb:25:ad:01	-90	south	
1495897198	2c:b4:3a:1a:47:3d	-82	south	
1495897198	ee:8e:61:69:cb:da	-94	south	
1495897198	d0:fe:ca:df:5c:50	-88	south	
1495897198	59:fc:12:dc:f1:9e	-96	south	
1495897198	04:88:e2:a0:4f:87	-74	south	
1495897198	00:07:80:c6:27:c0	-76	south	
1495897198	08:66:98:e6:f3:3f	-66	south	
1495897198	13:2e:ef:7f:0c:29	-60	south	
1495897198	c0:97:27:13:31:75	-64	south	
1495897198	ee:8e:61:69:cb:da	-90	south	
1495897198	d0:fe:ca:df:5c:50	-86	south	
1495897198	c1:91:01:2e:eb:17	-96	south	
1495897198	2c:b4:3a:1a:47:3d	-80	south	
1495897198	47:91:1a:0e:94:0e	-66	south	
1495897198	c0:97:27:13:31:75	-64	south	
1495897198	c1:91:01:2e:eb:17	-94	south	
1495897198	c1:91:01:2e:eb:17	-92	south	
1495897198	c0:97:27:13:31:75	-64	south	
1495897198	ee:8e:61:69:cb:da	-88	south	
1495897198	98:d6:bb:25:ad:01	-92	south	
1495897199	c0:97:27:13:31:75	-64	south	
1495897199	08:66:98:e6:f3:3f	-62	south	
1495897199	ee:8e:61:69:cb:da	-90	south	
1495897199	13:2e:ef:7f:0c:29	-64	south	
1495897199	98:d6:bb:25:ad:01	-80	south	
1495897199	2c:b4:3a:1a:47:3d	-86	south	
1495897199	c0:97:27:13:31:75	-64	south	
1495897199	c1:91:01:2e:eb:17	-94	south	
1495897199	52:58:70:e9:68:63	-94	south	
1495897199	c0:97:27:13:31:75	-64	south	
1495897199	c0:97:27:13:31:75	-64	south	
1495897199	60:03:08:cb:f6:48	-86	south	
1495897199	d0:fe:ca:df:5c:50	-90	south	
1495897199	c0:97:27:13:31:75	-64	south	
1495897199	08:66:98:e6:f3:3f	-64	south	
1495897199	13:2e:ef:7f:0c:29	-64	south	
1495897199	98:d6:bb:25:ad:01	-90	south	
1495897199	2c:b4:3a:1a:47:3d	-84	south	
1495897199	ee:8e:61:69:cb:da	-88	south	
1495897199	c0:97:27:13:31:75	-64	south	
1495897199	08:66:98:e6:f3:3f	-64	south	
1495897199	13:2e:ef:7f:0c:29	-60	south	
1495897199	d0:fe:ca:df:5c:50	-88	south	
1495897199	2c:b4:3a:1a:47:3d	-80	south	
1495897199	7f:1a:99:ab:d5:65	-88	south	
1495897199	ee:8e:61:69:cb:da	-90	south	
1495897199	c0:97:27:13:31:75	-64	south	
1495897200	ee:8e:61:69:cb:da	-90	south	
1495897200	60:03:08:cb:f6:48	-88	south	
1495897200	c0:97:27:13:31:75	-64	south	
1495897200	d7:ab:2a:70:b1:f6	-80	south	
1495897200	7f:1a:99:ab:d5:65	-86	south	
1495897200	d7:ab:2a:70:b1:f6	-84	south	
1495897200	d0:fe:ca:df:5c:50	-88	south	
1495897200	08:66:98:e6:f3:3f	-62	south	
1495897200	13:2e:ef:7f:0c:29	-64	south	
1495897200	c1:91:01:2e:eb:17	-92	south	
1495897200	d7:ab:2a:70:b1:f6	-80	south	
1495897200	98:d6:bb:25:ad:01	-92	south	
1495897200	00:07:80:c6:27:c0	-78	south	
1495897200	00:07:80:c6:27:c1	-84	south	
1495897200	04:88:e2:a0:4f:87	-72	south	
1495897200	2c:b4:3a:1a:47:3d	-86	south	
1495897200	47:91:1a:0e:94:0e	-62	south	
1495897200	ee:8e:61:69:cb:da	-94	south	
1495897200	08:66:98:e6:f3:3f	-64	south	
1495897200	13:2e:ef:7f:0c:29	-64	south	
1495897201	2c:b4:3a:1a:47:3d	-84	south	
1495897201	d7:ab:2a:70:b1:f6	-80	south	
1495897201	ce:fc:9c:56:84:6a	-86	south	
1495897201	47:91:1a:0e:94:0e	-70	south	
1495897201	c1:91:01:2e:eb:17	-96	south	
1495897201	d7:ab:2a:70:b1:f6	-84	south	
1495897201	ee:8e:61:69:cb:da	-90	south	
1495897201	60:03:08:cb:f6:48	-86	south	
1495897201	c1:91:01:2e:eb:17	-94	south	
1495897201	d7:ab:2a:70:b1:f6	-82	south	
1495897201	47:91:1a:0e:94:0e	-60	south	
1495897201	e3:3a:0e:40:fa:90	-80	south	
1495897201	08:66:98:e6:f3:3f	-64	south	
1495897201	13:2e:ef:7f:0c:29	-60	south	
1495897201	98:d6:bb:25:ad:01	-80	south	
1495897201	2c:b4:3a:1a:47:3d	-82	south	
1495897201	d0:fe:ca:df:5c:50	-90	south	
1495897201	ee:8e:61:69:cb:da	-90	south	
1495897201	7f:1a:99:ab:d5:65	-86	south	
1495897201	ee:8e:61:69:cb:da	-88	south	
1495897201	c1:91:01:2e:eb:17	-96	south	
1495897202	52:58:70:e9:68:63	-94	south	
1495897202	08:66:98:e6:f3:3f	-62	south	
1495897202	c0:97:27:13:31:75	-60	south	
1495897202	2c:b4:3a:1a:47:3d	-84	south	
1495897202	d7:ab:2a:70:b1:f6	-82	south	
1495897202	c0:97:27:13:31:75	-60	south	
1495897202	ee:8e:61:69:cb:da	-90	south	
1495897202	d0:fe:ca:df:5c:50	-88	south	
1495897202	c1:91:01:2e:eb:17	-96	south	
1495897202	04:88:e2:a0:4f:87	-74	south	
1495897202	c0:97:27:13:31:75	-62	south	
1495897202	08:66:98:e6:f3:3f	-62	south	
1495897202	60:03:08:cb:f6:48	-86	south	
1495897202	47:91:1a:0e:94:0e	-68	south	
1495897202	c0:97:27:13:31:75	-62	south	
1495897202	2c:b4:3a:1a:47:3d	-82	south	
1495897202	c0:97:27:13:31:75	-62	south	
1495897202	47:91:1a:0e:94:0e	-60	south	
1495897202	ee:8e:61:69:cb:da	-90	south	
1495897202	d0:fe:ca:df:5c:50	-88	south	
1495897202	98:d6:bb:25:ad:01	-80	south	
1495897202	2c:b4:3a:1a:47:3d	-80	south	
1495897202	ee:8e:61:69:cb:da	-88	south	
1495897202	08:66:98:e6:f3:3f	-64	south	
1495897203	60:03:08:cb:f6:48	-86	south	
1495897203	d7:ab:2a:70:b1:f6	-78	south	
1495897203	7f:1a:99:ab:d5:65	-86	south	
1495897203	d7:ab:2a:70:b1:f6	-84	south	
1495897203	13:2e:ef:7f:0c:29	-62	south	
1495897203	2c:b4:3a:1a:47:3d	-80	south	
1495897203	ee:8e:61:69:cb:da	-94	south	
1495897203	ee:8e:61:69:cb:da	-90	south	
1495897203	08:66:98:e6:f3:3f	-64	south	
1495897203	7f:1a:99:ab:d5:65	-88	south	
1495897203	d7:ab:2a:70:b1:f6	-84	south	
1495897203	00:07:80:37:d5:5c	-88	south	
1495897203	08:66:98:e6:f3:3f	-64	south	
1495897203	13:2e:ef:7f:0c:29	-60	south	
1495897203	98:d6:bb:25:ad:01	-92	south	
1495897203	7f:1a:99:ab:d5:65	-88	south	
1495897203	13:2e:ef:7f:0c:29	-64	south	
1495897203	d7:ab:2a:70:b1:f6	-80	south	
1495897203	c1:91:01:2e:eb:17	-92	south	
1495897203	d0:fe:ca:df:5c:50	-88	south	
1495897203	7f:1a:99:ab:d5:65	-86	south	
1495897203	2c:b4:3a:1a:47:3d	-84	south	
1495897204	e3:3a:0e:40:fa:90	-82	south	
1495897204	08:66:98:e6:f3:3f	-62	south	
1495897204	00:07:80:c6:27:c2	-88	south	
1495897204	98:d6:bb:25:ad:01	-80	south	
1495897204	13:2e:ef:7f:0c:29	-64	south	
1495897204	c1:91:01:2e:eb:17	-92	south	
1495897204	47:91:1a:0e:94:0e	-68	south	
1495897204	c1:91:01:2e:eb:17	-96	south	
1495897204	2c:b4:3a:1a:47:3d	-80	south	
1495897204	c1:91:01:2e:eb:17	-94	south	
1495897204	d0:fe:ca:df:5c:50	-88	south	
1495897204	08:66:98:e6:f3:3f	-64	south	
1495897204	47:91:1a:0e:94:0e	-74	south	
1495897204	04:88:e2:a0:4f:87	-72	south	
1495897204	98:d6:bb:25:ad:01	-90	south	
1495897204	00:07:80:d2:02:5b	-92	south	
1495897204	c0:97:27:13:31:75	-66	south	
1495897204	08:66:98:e6:f3:3f	-64	south	
1495897204	13:2e:ef:7f:0c:29	-60	south	
1495897204	d7:ab:2a:70:b1:f6	-80	south	
1495897204	c1:91:01:2e:eb:17	-92	south	
1495897204	c0:97:27:13:31:75	-66	south	
1495897205	2c:b4:3a:1a:47:3d	-86	south	
1495897205	d0:fe:ca:df:5c:50	-90	south	
1495897205	08:66:98:e6:f3:3f	-64	south	
1495897205	ee:8e:61:69:cb:da	-90	south	
1495897205	98:d6:bb:25:ad:01	-92	south	
1495897205	d0:fe:ca:df:5c:50	-88	south	
1495897205	2c:b4:3a:1a:47:3d	-82	south	
1495897205	7f:1a:99:ab:d5:65	-86	south	
1495897205	ee:8e:61:69:cb:da	-90	south	
1495897205	d7:ab:2a:70:b1:f6	-80	south	
1495897205	08:66:98:e6:f3:3f	-62	south	
1495897205	13:2e:ef:7f:0c:29	-64	south	
1495897205	ee:8e:61:69:cb:da	-94	south	
1495897205	d7:ab:2a:70:b1:f6	-80	south	
1495897205	df:31:a7:d4:1a:00	-94	south	
1495897205	7f:1a:99:ab:d5:65	-88	south	
1495897205	c1:91:01:2e:eb:17	-94	south	
1495897205	2c:b4:3a:1a:47:3d	-82	south	
1495897205	d0:fe:ca:df:5c:50	-90	south	
1495897205	c1:91:01:2e:eb:17	-92	south	
1495897205	2c:b4:3a:1a:47:3d	-80	south	
1495897205	08:66:98:e6:f3:3f	-64	south	
1495897205	13:2e:ef:7f:0c:29	-64	south	
1495897205	d0:fe:ca:df:5c:50	-88	south	
1495897205	d7:ab:2a:70:b1:f6	-80	south	
1495897206	47:91:1a:0e:94:0e	-66	south	
1495897206	ee:8e:61:69:cb:da	-90	south	
1495897206	00:07:80:a3:98:39	-76	south	
1495897206	d7:ab:2a:70:b1:f6	-84	south	
1495897206	ee:8e:61:69:cb:da	-90	south	
1495897206	04:88:e2:a0:4f:87	-74	south	
1495897206	52:58:70:e9:68:63	-96	south	
1495897206	00:07:80:c6:27:e7	-84	south	
1495897206	ee:8e:61:69:cb:da	-94	south	
1495897206	47:91:1a:0e:94:0e	-60	south	
1495897206	98:d6:bb:25:ad:01	-90	south	
1495897206	c1:91:01:2e:eb:17	-94	south	
1495897206	08:66:98:e6:f3:3f	-64	south	
1495897206	c0:97:27:13:31:75	-64	south	
1495897206	d0:fe:ca:df:5c:50	-90	south	
1495897206	d7:ab:2a:70:b1:f6	-80	south	
1495897206	47:91:1a:0e:94:0e	-64	south	
1495897206	d7:ab:2a:70:b1:f6	-84	south	
1495897206	e3:3a:0e:40:fa:90	-78	south	
1495897206	c0:97:27:13:31:75	-64	south	
1495897206	ee:8e:61:69:cb:da	-90	south	
1495897206	13:2e:ef:7f:0c:29	-64	south	
1495897206	2c:b4:3a:1a:47:3d	-86	south	
1495897206	ee:8e:61:69:cb:da	-94	south	
1495897206	4c:ea:da:b5:84:59	-94	south	
1495897206	c0:97:27:13:31:75	-64	south	
1495897206	52:58:70:e9:68:63	-96	south	
1495897206	00:07:80:c6:27:c0	-78	south	
1495897206	60:03:08:cb:f6:48	-90	south	
1495897206	98:d6:bb:25:ad:01	-92	south	
1495897206	7f:1a:99:ab:d5:65	-88	south	
1495897206	00:07:80:c6:27:c1	-88	south	
1495897207	08:66:98:e6:f3:3f	-60	south	
1495897207	d7:ab:2a:70:b1:f6	-80	south	
1495897207	47:91:1a:0e:94:0e	-62	south	
1495897207	d7:ab:2a:70:b1:f6	-84	south	
1495897207	7f:1a:99:ab:d5:65	-86	south	
1495897207	ee:8e:61:69:cb:da	-90	south	
1495897207	13:2e:ef:7f:0c:29	-64	south	
1495897207	d7:ab:2a:70:b1:f6	-80	south	
1495897207	08:66:98:e6:f3:3f	-62	south	
1495897207	60:03:08:cb:f6:48	-86	south	
1495897207	2c:b4:3a:1a:47:3d	-80	south	
1495897207	c1:91:01:2e:eb:17	-96	south	
1495897207	ce:fc:9c:56:84:6a	-88	south	
1495897207	00:07:80:c6:28:93	-64	south	
1495897207	00:07:80:d2:02:15	-74	south	
1495897207	ee:8e:61:69:cb:da	-90	south	
1495897207	d7:ab:2a:70:b1:f6	-84	south	
1495897207	c0:97:27:13:31:75	-62	south	
1495897207	52:58:70:e9:68:63	-96	south	
1495897207	13:2e:ef:7f:0c:29	-60	south	
1495897207	98:d6:bb:25:ad:01	-80	south	
1495897207	c0:97:27:13:31:75	-62	south	
1495897207	c1:91:01:2e:eb:17	-96	south	
1495897207	08:66:98:e6:f3:3f	-64	south	
1495897208	c0:97:27:13:31:75	-62	south	
1495897208	00:07:80:c6:27:e2	-90	south	
1495897208	d7:ab:2a:70:b1:f6	-80	south	
1495897208	08:66:98:e6:f3:3f	-64	south	
1495897208	4c:ea:da:b5:84:59	-96	south	
1495897208	d7:ab:2a:70:b1:f6	-84	south	
1495897208	52:58:70:e9:68:63	-94	south	
1495897208	c1:91:01:2e:eb:17	-92	south	
1495897208	c0:97:27:13:31:75	-62	south	
1495897208	13:2e:ef:7f:0c:29	-64	south	
1495897208	98:d6:bb:25:ad:01	-90	south	
1495897208	ee:8e:61:69:cb:da	-88	south	
1495897208	c0:97:27:13:31:75	-60	south	
1495897208	60:03:08:cb:f6:48	-90	south	
1495897208	2c:b4:3a:1a:47:3d	-82	south	
1495897208	7f:1a:99:ab:d5:65	-86	south	
1495897208	ee:8e:61:69:cb:da	-94	south	
1495897208	d7:ab:2a:70:b1:f6	-80	south	
1495897208	c0:97:27:13:31:75	-62	south	
1495897208	08:66:98:e6:f3:3f	-62	south	
1495897208	2c:b4:3a:1a:47:3d	-80	south	
1495897208	d7:ab:2a:70:b1:f6	-86	south	
1495897208	7f:1a:99:ab:d5:65	-86	south	
1495897208	00:07:80:c6:27:c0	-78	south	
1495897208	13:2e:ef:7f:0c:29	-64	south	
1495897208	d0:fe:ca:df:5c:50	-88	south	
1495897209	47:91:1a:0e:94:0e	-68	south	
1495897209	d7:ab:2a:70:b1:f6	-80	south	
1495897209	98:d6:bb:25:ad:01	-80	south	
1495897209	4c:ea:da:b5:84:59	-96	south	
1495897209	13:2e:ef:7f:0c:29	-64	south	
1495897209	d7:ab:2a:70:b1:f6	-84	south	
1495897209	ee:8e:61:69:cb:da	-90	south	
1495897209	c1:91:01:2e:eb:17	-92	south	
1495897209	d0:fe:ca:df:5c:50	-88	south	
1495897209	ee:8e:61:69:cb:da	-90	south	
1495897209	52:58:70:e9:68:63	-96	south	
1495897209	08:66:98:e6:f3:3f	-64	south	
1495897209	d7:ab:2a:70:b1:f6	-84	south	
1495897209	13:2e:ef:7f:0c:29	-60	south	
1495897209	2c:b4:3a:1a:47:3d	-84	south	
1495897209	d0:fe:ca:df:5c:50	-90	south	
1495897209	c1:91:01:2e:eb:17	-94	south	
1495897210	04:88:e2:a0:4f:87	-74	south	
1495897210	d0:fe:ca:df:5c:50	-88	south	
1495897210	d7:ab:2a:70:b1:f6	-80	south	
1495897210	ee:8e:61:69:cb:da	-90	south	
1495897210	08:66:98:e6:f3:3f	-62	south	
1495897210	13:2e:ef:7f:0c:29	-64	south	
1495897210	98:d6:bb:25:ad:01	-80	south	
1495897210	2c:b4:3a:1a:47:3d	-80	south	
1495897210	59:fc:12:dc:f1:9e	-96	south	
1495897210	e3:3a:0e:40:fa:90	-84	south	
1495897210	60:03:08:cb:f6:48	-88	south	
1495897210	d0:fe:ca:df:5c:50	-88	south	
1495897210	ee:8e:61:69:cb:da	-90	south	
1495897210	d7:ab:2a:70:b1:f6	-80	south	
1495897210	c1:91:01:2e:eb:17	-92	south	
1495897210	d0:fe:ca:df:5c:50	-88	south	
1495897210	ee:8e:61:69:cb:da	-90	south	
1495897210	d7:ab:2a:70:b1:f6	-84	south	
1495897210	08:66:98:e6:f3:3f	-64	south	
1495897210	98:d6:bb:25:ad:01	-90	south	
1495897210	13:2e:ef:7f:0c:29	-64	south	
1495897210	2c:b4:3a:1a:47:3d	-88	south	
1495897210	7f:1a:99:ab:d5:65	-86	south	
1495897211	60:03:08:cb:f6:48	-88	south	
1495897211	47:91:1a:0e:94:0e	-68	south	
1495897211	59:fc:12:dc:f1:9e	-94	south	
1495897211	d0:fe:ca:df:5c:50	-88	south	
1495897211	7f:1a:99:ab:d5:65	-88	south	
1495897211	ee:8e:61:69:cb:da	-92	south	
1495897211	08:66:98:e6:f3:3f	-64	south	
1495897211	ee:8e:61:69:cb:da	-96	south	
1495897211	c1:91:01:2e:eb:17	-96	south	
1495897211	47:91:1a:0e:94:0e	-58	south	
1495897211	c0:97:27:13:31:75	-66	south	
1495897211	ee:8e:61:69:cb:da	-92	south	
1495897211	df:31:a7:d4:1a:00	-92	south	
1495897211	04:88:e2:a0:4f:87	-68	south	
1495897211	59:fc:12:dc:f1:9e	-96	south	
1495897211	08:66:98:e6:f3:3f	-62	south	
1495897211	c0:97:27:13:31:75	-66	south	
1495897211	d0:fe:ca:df:5c:50	-88	south	
1495897211	00:07:80:37:d5:5c	-92	south	
1495897211	47:91:1a:0e:94:0e	-64	south	
1495897211	c1:91:01:2e:eb:17	-90	south	
1495897211	d0:fe:ca:df:5c:50	-88	south	
1495897211	d7:ab:2a:70:b1:f6	-80	south	
1495897211	2c:b4:3a:1a:47:3d	-82	south	
1495897211	ee:8e:61:69:cb:da	-94	south	
1495897211	c0:97:27:13:31:75	-66	south	
1495897211	98:d6:bb:25:ad:01	-80	south	
1495897212	2c:b4:3a:1a:47:3d	-80	south	
1495897212	ee:8e:61:69:cb:da	-90	south	
1495897212	d7:ab:2a:70:b1:f6	-84	south	
1495897212	c0:97:27:13:31:75	-66	south	
1495897212	08:66:98:e6:f3:3f	-64	south	
1495897212	98:d6:bb:25:ad:01	-90	south	
1495897212	60:03:08:cb:f6:48	-88	south	
1495897212	c0:97:27:13:31:75	-66	south	
1495897212	00:07:80:a3:98:39	-80	south	
1495897212	d0:fe:ca:df:5c:50	-88	south	
1495897212	c1:91:01:2e:eb:17	-92	south	
1495897212	4c:ea:da:b5:84:59	-96	south	
1495897212	2c:b4:3a:1a:47:3d	-80	south	
1495897212	c0:97:27:13:31:75	-66	south	
1495897212	13:2e:ef:7f:0c:29	-64	south	
1495897212	c0:97:27:13:31:75	-66	south	
1495897212	ee:8e:61:69:cb:da	-92	south	
1495897212	c0:97:27:13:31:75	-66	south	
1495897212	c1:91:01:2e:eb:17	-94	south	
1495897212	98:d6:bb:25:ad:01	-94	south	
1495897212	13:2e:ef:7f:0c:29	-60	south	
1495897212	d7:ab:2a:70:b1:f6	-80	south	
1495897212	d7:ab:2a:70:b1:f6	-84	south	
1495897212	60:03:08:cb:f6:48	-86	south	
1495897213	04:88:e2:a0:4f:87	-72	south	
1495897213	7f:1a:99:ab:d5:65	-86	south	
1495897213	08:66:98:e6:f3:3f	-62	south	
1495897213	d0:fe:ca:df:5c:50	-90	south	
1495897213	98:d6:bb:25:ad:01	-80	south	
1495897213	13:2e:ef:7f:0c:29	-64	south	
1495897213	c1:91:01:2e:eb:17	-92	south	
1495897213	47:91:1a:0e:94:0e	-68	south	
1495897213	ee:8e:61:69:cb:da	-96	south	
1495897213	d0:fe:ca:df:5c:50	-88	south	
1495897213	d7:ab:2a:70:b1:f6	-80	south	
1495897213	d7:ab:2a:70:b1:f6	-84	south	
1495897213	c1:91:01:2e:eb:17	-96	south	
1495897213	98:d6:bb:25:ad:01	-90	south	
1495897213	13:2e:ef:7f:0c:29	-64	south	
1495897213	c1:91:01:2e:eb:17	-90	south	
1495897213	08:66:98:e6:f3:3f	-66	south	
1495897214	ee:8e:61:69:cb:da	-90	south	
1495897214	c0:97:27:13:31:75	-64	south	
1495897214	d7:ab:2a:70:b1:f6	-82	south	
1495897214	c0:97:27:13:31:75	-64	south	
1495897214	08:66:98:e6:f3:3f	-62	south	
1495897214	60:03:08:cb:f6:48	-86	south	
1495897214	d7:ab:2a:70:b1:f6	-80	south	
1495897214	ee:8e:61:69:cb:da	-90	south	
1495897214	c0:97:27:13:31:75	-64	south	
1495897214	7f:1a:99:ab:d5:65	-88	south	
1495897214	c0:97:27:13:31:75	-64	south	
1495897214	d0:fe:ca:df:5c:50	-88	south	
1495897214	13:2e:ef:7f:0c:29	-64	south	
1495897214	98:d6:bb:25:ad:01	-82	south	
1495897215	08:66:98:e6:f3:3f	-64	south	
1495897215	7f:1a:99:ab:d5:65	-86	south	
1495897215	98:d6:bb:25:ad:01	-90	south	
1495897215	59:fc:12:dc:f1:9e	-94	south	
1495897215	00:07:80:c6:27:c1	-84	south	
1495897215	47:91:1a:0e:94:0e	-64	south	
1495897215	d7:ab:2a:70:b1:f6	-86	south	
1495897215	04:88:e2:a0:4f:87	-70	south	
1495897215	08:66:98:e6:f3:3f	-66	south	
1495897215	ee:8e:61:69:cb:da	-94	south	
1495897215	13:2e:ef:7f:0c:29	-60	south	
1495897215	98:d6:bb:25:ad:01	-94	south	
1495897215	60:03:08:cb:f6:48	-90	south	
1495897215	d7:ab:2a:70:b1:f6	-82	south	
1495897215	00:07:80:c6:28:93	-68	south	
1495897215	00:07:80:d2:02:15	-74	south	
1495897215	c0:97:27:13:31:75	-60	south	
1495897216	98:d6:bb:25:ad:01	-94	south	
1495897216	60:03:08:cb:f6:48	-86	south	
1495897216	ee:8e:61:69:cb:da	-92	south	
1495897216	08:66:98:e6:f3:3f	-62	south	
1495897216	c0:97:27:13:31:75	-62	south	
1495897216	2c:b4:3a:1a:47:3d	-80	south	
1495897216	c0:97:27:13:31:75	-62	south	
1495897216	98:d6:bb:25:ad:01	-80	south	
1495897216	60:03:08:cb:f6:48	-86	south	
1495897216	d0:fe:ca:df:5c:50	-90	south	
1495897216	d7:ab:2a:70:b1:f6	-80	south	
1495897216	7f:1a:99:ab:d5:65	-86	south	
1495897216	13:2e:ef:7f:0c:29	-66	south	
1495897216	d7:ab:2a:70:b1:f6	-80	south	
1495897216	04:88:e2:a0:4f:87	-72	south	
1495897216	47:91:1a:0e:94:0e	-66	south	
1495897216	e3:3a:0e:40:fa:90	-76	south	
1495897216	7f:1a:99:ab:d5:65	-88	south	
1495897217	c1:91:01:2e:eb:17	-96	south	
1495897217	d0:fe:ca:df:5c:50	-88	south	
1495897217	60:03:08:cb:f6:48	-90	south	
1495897217	ee:8e:61:69:cb:da	-96	south	
1495897217	00:07:80:c6:27:c1	-90	south	
1495897217	08:66:98:e6:f3:3f	-64	south	
1495897217	ee:8e:61:69:cb:da	-90	south	
1495897217	13:2e:ef:7f:0c:29	-60	south	
1495897217	2c:b4:3a:1a:47:3d	-84	south	
1495897217	d7:ab:2a:70:b1:f6	-80	south	
1495897217	c0:97:27:13:31:75	-66	south	
1495897217	47:91:1a:0e:94:0e	-64	south	
1495897217	08:66:98:e6:f3:3f	-62	south	
1495897217	c1:91:01:2e:eb:17	-92	south	
1495897217	df:31:a7:d4:1a:00	-90	south	
1495897217	c0:97:27:13:31:75	-64	south	
1495897217	d0:fe:ca:df:5c:50	-90	south	
1495897217	60:03:08:cb:f6:48	-86	south	
1495897217	c0:97:27:13:31:75	-64	south	
1495897217	08:66:98:e6:f3:3f	-62	south	
1495897217	13:2e:ef:7f:0c:29	-64	south	
1495897217	98:d6:bb:25:ad:01	-80	south	
1495897217	2c:b4:3a:1a:47:3d	-80	south	
1495897217	c1:91:01:2e:eb:17	-96	south	
1495897217	c0:97:27:13:31:75	-66	south	
1495897217	60:03:08:cb:f6:48	-86	south	
1495897217	00:07:80:37:d5:5c	-88	south	
1495897217	ee:8e:61:69:cb:da	-90	south	
1495897217	d7:ab:2a:70:b1:f6	-84	south	
1495897217	c1:91:01:2e:eb:17	-96	south	
1495897217	d0:fe:ca:df:5c:50	-88	south	
1495897218	c0:97:27:13:31:75	-66	south	
1495897218	d7:ab:2a:70:b1:f6	-80	south	
1495897218	c0:97:27:13:31:75	-66	south	
1495897218	d0:fe:ca:df:5c:50	-88	south	
1495897218	d7:ab:2a:70:b1:f6	-80	south	
1495897218	08:66:98:e6:f3:3f	-64	south	
1495897218	c1:91:01:2e:eb:17	-96	south	
1495897218	98:d6:bb:25:ad:01	-90	south	
1495897218	04:88:e2:a0:4f:87	-74	south	
1495897218	ee:8e:61:69:cb:da	-88	south	
1495897218	d7:ab:2a:70:b1:f6	-84	south	
1495897218	c1:91:01:2e:eb:17	-96	south	
1495897218	d0:fe:ca:df:5c:50	-90	south	
1495897218	13:2e:ef:7f:0c:29	-64	south	
1495897218	7f:1a:99:ab:d5:65	-86	south	
1495897218	d7:ab:2a:70:b1:f6	-84	south	
1495897219	c1:91:01:2e:eb:17	-96	south	
1495897219	59:fc:12:dc:f1:9e	-96	south	
1495897219	ee:8e:61:69:cb:da	-94	south	
1495897219	47:91:1a:0e:94:0e	-68	south	
1495897219	d7:ab:2a:70:b1:f6	-80	south	
1495897219	08:66:98:e6:f3:3f	-62	south	
1495897219	c1:91:01:2e:eb:17	-92	south	
1495897219	00:07:80:d2:02:5b	-92	south	
1495897219	7f:1a:99:ab:d5:65	-88	south	
1495897219	2c:b4:3a:1a:47:3d	-80	south	
1495897219	00:07:80:c6:27:c0	-78	south	
1495897219	d7:ab:2a:70:b1:f6	-80	south	
1495897219	c1:91:01:2e:eb:17	-92	south	
1495897219	d7:ab:2a:70:b1:f6	-84	south	
1495897219	13:2e:ef:7f:0c:29	-62	south	
1495897219	47:91:1a:0e:94:0e	-58	south	
1495897219	c0:97:27:13:31:75	-64	south	
1495897219	d7:ab:2a:70:b1:f6	-82	south	
1495897219	98:d6:bb:25:ad:01	-80	south	
1495897219	ee:8e:61:69:cb:da	-90	south	
1495897219	c0:97:27:13:31:75	-64	south	
1495897219	08:66:98:e6:f3:3f	-64	south	
1495897219	98:d6:bb:25:ad:01	-90	south	
1495897219	c0:97:27:13:31:75	-64	south	
1495897219	60:03:08:cb:f6:48	-90	south	
1495897219	d7:ab:2a:70:b1:f6	-80	south	
1495897219	d7:ab:2a:70:b1:f6	-84	south	
1495897219	d7:ab:2a:70:b1:f6	-80	south	
1495897219	04:88:e2:a0:4f:87	-68	south	
1495897220	c1:91:01:2e:eb:17	-96	south	
1495897220	ee:8e:61:69:cb:da	-94	south	
1495897220	d0:fe:ca:df:5c:50	-86	south	
1495897220	08:66:98:e6:f3:3f	-64	south	
1495897220	d0:fe:ca:df:5c:50	-88	south	
1495897220	ce:fc:9c:56:84:6a	-86	south	
1495897220	00:07:80:a3:98:39	-78	south	
1495897220	c1:91:01:2e:eb:17	-96	south	
1495897220	7f:1a:99:ab:d5:65	-88	south	
1495897220	ee:8e:61:69:cb:da	-90	south	
1495897220	13:2e:ef:7f:0c:29	-62	south	
1495897220	2c:b4:3a:1a:47:3d	-84	south	
1495897220	ee:8e:61:69:cb:da	-94	south	
1495897220	47:91:1a:0e:94:0e	-58	south	
1495897220	60:03:08:cb:f6:48	-86	south	
1495897220	e3:3a:0e:40:fa:90	-74	south	
1495897220	d0:fe:ca:df:5c:50	-90	south	
1495897220	c1:91:01:2e:eb:17	-90	south	
1495897220	4c:ea:da:b5:84:59	-96	south	
1495897220	52:58:70:e9:68:63	-96	south	
1495897220	47:91:1a:0e:94:0e	-62	south	
1495897220	d0:fe:ca:df:5c:50	-88	south	
1495897221	c1:91:01:2e:eb:17	-96	south	
1495897221	7f:1a:99:ab:d5:65	-86	south	
1495897221	08:66:98:e6:f3:3f	-60	south	
1495897221	c1:91:01:2e:eb:17	-94	south	
1495897221	98:d6:bb:25:ad:01	-80	south	
1495897221	13:2e:ef:7f:0c:29	-64	south	
1495897221	00:07:80:d2:02:5b	-90	south	
1495897221	d7:ab:2a:70:b1:f6	-80	south	
1495897221	47:91:1a:0e:94:0e	-66	south	
1495897221	d0:fe:ca:df:5c:50	-88	south	
1495897221	04:88:e2:a0:4f:87	-72	south	
1495897221	c0:97:27:13:31:75	-62	south	
1495897221	d7:ab:2a:70:b1:f6	-86	south	
1495897221	13:2e:ef:7f:0c:29	-64	south	
1495897221	d7:ab:2a:70:b1:f6	-80	south	
1495897221	c1:91:01:2e:eb:17	-92	south	
1495897221	ee:8e:61:69:cb:da	-90	south	
1495897221	c0:97:27:13:31:75	-62	south	
1495897221	c1:91:01:2e:eb:17	-96	south	
1495897221	13:2e:ef:7f:0c:29	-62	south	
1495897221	60:03:08:cb:f6:48	-86	south	
1495897221	00:07:80:d2:02:15	-74	south	
1495897222	d0:fe:ca:df:5c:50	-88	south	
1495897222	13:2e:ef:7f:0c:29	-62	south	
1495897222	60:03:08:cb:f6:48	-86	south	
1495897222	2c:b4:3a:1a:47:3d	-82	south	
1495897222	c1:91:01:2e:eb:17	-96	south	
1495897222	ee:8e:61:69:cb:da	-90	south	
1495897222	13:2e:ef:7f:0c:29	-64	south	
1495897222	98:d6:bb:25:ad:01	-80	south	
1495897222	d0:fe:ca:df:5c:50	-88	south	
1495897222	4c:ea:da:b5:84:59	-96	south	
1495897222	ee:8e:61:69:cb:da	-90	south	
1495897222	2c:b4:3a:1a:47:3d	-82	south	
1495897222	00:07:80:c6:27:e7	-82	south	
1495897222	d0:fe:ca:df:5c:50	-90	south	
1495897222	08:66:98:e6:f3:3f	-62	south	
1495897222	c1:91:01:2e:eb:17	-92	south	
1495897222	c0:97:27:13:31:75	-64	south	
1495897222	7f:1a:99:ab:d5:65	-86	south	
1495897222	13:2e:ef:7f:0c:29	-64	south	
1495897222	04:88:e2:a0:4f:87	-74	south	
1495897223	ee:8e:61:69:cb:da	-96	south	
1495897223	47:91:1a:0e:94:0e	-64	south	
1495897223	ee:8e:61:69:cb:da	-90	south	
1495897223	d7:ab:2a:70:b1:f6	-86	south	
1495897223	c1:91:01:2e:eb:17	-94	south	
1495897223	2c:b4:3a:1a:47:3d	-88	south	
1495897223	e3:3a:0e:40:fa:90	-82	south	
1495897223	d0:fe:ca:df:5c:50	-88	south	
1495897223	47:91:1a:0e:94:0e	-66	south	
1495897223	13:2e:ef:7f:0c:29	-60	south	
1495897223	d7:ab:2a:70:b1:f6	-80	south	
1495897223	d7:ab:2a:70:b1:f6	-84	south	
1495897223	60:03:08:cb:f6:48	-84	south	
1495897223	04:88:e2:a0:4f:87	-68	south	
1495897223	d0:fe:ca:df:5c:50	-90	south	
1495897223	08:66:98:e6:f3:3f	-64	south	
1495897223	2c:b4:3a:1a:47:3d	-82	south	
1495897223	00:07:80:c6:28:93	-70	south	
1495897224	13:2e:ef:7f:0c:29	-64	south	
1495897224	d7:ab:2a:70:b1:f6	-80	south	
1495897224	d7:ab:2a:70:b1:f6	-86	south	
1495897224	c1:91:01:2e:eb:17	-94	south	
1495897224	60:03:08:cb:f6:48	-90	south	
1495897224	ee:8e:61:69:cb:da	-92	south	
1495897224	c1:91:01:2e:eb:17	-92	south	
1495897224	08:66:98:e6:f3:3f	-62	south	
1495897224	d0:fe:ca:df:5c:50	-88	south	
1495897224	2c:b4:3a:1a:47:3d	-80	south	
1495897224	7f:1a:99:ab:d5:65	-86	south	
1495897224	13:2e:ef:7f:0c:29	-66	south	
1495897224	d0:fe:ca:df:5c:50	-90	south	
1495897224	c0:97:27:13:31:75	-64	south	
1495897224	47:91:1a:0e:94:0e	-66	south	
1495897224	98:d6:bb:25:ad:01	-94	south	
1495897224	60:03:08:cb:f6:48	-86	south	
1495897224	ee:8e:61:69:cb:da	-90	south	
1495897224	7f:1a:99:ab:d5:65	-88	south	
1495897224	d7:ab:2a:70:b1:f6	-80	south	
1495897224	c0:97:27:13:31:75	-64	south	
1495897224	c1:91:01:2e:eb:17	-96	south	
1495897224	60:03:08:cb:f6:48	-84	south	
1495897225	c0:97:27:13:31:75	-64	south	
1495897225	c0:97:27:13:31:75	-64	south	
1495897225	d7:ab:2a:70:b1:f6	-80	south	
1495897225	ee:8e:61:69:cb:da	-90	south	
1495897225	d0:fe:ca:df:5c:50	-88	south	
1495897225	04:88:e2:a0:4f:87	-72	south	
1495897225	d7:ab:2a:70:b1:f6	-86	south	
1495897225	47:91:1a:0e:94:0e	-62	south	
1495897225	c0:97:27:13:31:75	-64	south	
1495897225	13:2e:ef:7f:0c:29	-64	south	
1495897225	60:03:08:cb:f6:48	-86	south	
1495897225	ee:8e:61:69:cb:da	-94	south	
1495897225	00:07:80:c6:27:c1	-84	south	
1495897225	c0:97:27:13:31:75	-64	south	
1495897225	08:66:98:e6:f3:3f	-66	south	
1495897225	ee:8e:61:69:cb:da	-90	south	
1495897225	df:31:a7:d4:1a:00	-90	south	
1495897225	2c:b4:3a:1a:47:3d	-84	south	
1495897225	c1:91:01:2e:eb:17	-96	south	
1495897225	c0:97:27:13:31:75	-64	south	
1495897225	d7:ab:2a:70:b1:f6	-80	south	
1495897225	13:2e:ef:7f:0c:29	-64	south	
1495897226	00:07:80:c6:28:93	-68	south	
1495897226	ee:8e:61:69:cb:da	-90	south	
1495897226	08:66:98:e6:f3:3f	-62	south	
1495897226	d7:ab:2a:70:b1:f6	-82	south	
1495897226	c1:91:01:2e:eb:17	-96	south	
1495897226	ee:8e:61:69:cb:da	-90	south	
1495897226	d7:ab:2a:70:b1:f6	-80	south	
1495897226	c1:91:01:2e:eb:17	-90	south	
1495897226	ee:8e:61:69:cb:da	-96	south	
1495897226	d0:fe:ca:df:5c:50	-88	south	
1495897226	d7:ab:2a:70:b1:f6	-84	south	
1495897226	13:2e:ef:7f:0c:29	-60	south	
1495897226	00:07:80:c6:27:e2	-90	south	
1495897226	08:66:98:e6:f3:3f	-64	south	
1495897226	c1:91:01:2e:eb:17	-96	south	
1495897226	d7:ab:2a:70:b1:f6	-82	south	
1495897226	c0:97:27:13:31:75	-62	south	
1495897226	ee:8e:61:69:cb:da	-90	south	
1495897226	08:66:98:e6:f3:3f	-66	south	
1495897226	04:88:e2:a0:4f:87	-76	south	
1495897226	c0:97:27:13:31:75	-62	south	
1495897226	d0:fe:ca:df:5c:50	-86	south	
1495897226	60:03:08:cb:f6:48	-86	south	
1495897226	2c:b4:3a:1a:47:3d	-82	south	
1495897226	ce:fc:9c:56:84:6a	-88	south	
1495897226	c0:97:27:13:31:75	-62	south	
1495897227	d0:fe:ca:df:5c:50	-90	south	
1495897227	52:58:70:e9:68:63	-96	south	
1495897227	c0:97:27:13:31:75	-62	south	
1495897227	98:d6:bb:25:ad:01	-90	south	
1495897227	13:2e:ef:7f:0c:29	-64	south	
1495897227	2c:b4:3a:1a:47:3d	-84	south	
1495897227	d7:ab:2a:70:b1:f6	-80	south	
1495897227	7f:1a:99:ab:d5:65	-88	south	
1495897227	c0:97:27:13:31:75	-62	south	
1495897227	7f:1a:99:ab:d5:65	-88	south	
1495897227	08:66:98:e6:f3:3f	-62	south	
1495897227	00:07:80:d2:02:5b	-88	south	
1495897227	d0:fe:ca:df:5c:50	-88	south	
1495897227	d7:ab:2a:70:b1:f6	-86	south	
1495897227	00:07:80:c6:27:c0	-78	south	
1495897227	2c:b4:3a:1a:47:3d	-80	south	
1495897227	c0:97:27:13:31:75	-62	south	
1495897227	c1:91:01:2e:eb:17	-96	south	
1495897227	47:91:1a:0e:94:0e	-62	south	
1495897227	d7:ab:2a:70:b1:f6	-80	south	
1495897227	13:2e:ef:7f:0c:29	-64	south	
1495897227	d0:fe:ca:df:5c:50	-88	south	
1495897227	c0:97:27:13:31:75	-60	south	
1495897227	52:58:70:e9:68:63	-96	south	
1495897227	13:2e:ef:7f:0c:29	-62	south	
1495897227	2c:b4:3a:1a:47:3d	-80	south	
1495897227	08:66:98:e6:f3:3f	-64	south	
1495897228	d7:ab:2a:70:b1:f6	-80	south	
1495897228	13:2e:ef:7f:0c:29	-60	south	
1495897228	52:58:70:e9:68:63	-96	south	
1495897228	2c:b4:3a:1a:47:3d	-88	south	
1495897228	d0:fe:ca:df:5c:50	-88	south	
1495897228	c1:91:01:2e:eb:17	-96	south	
1495897228	d7:ab:2a:70:b1:f6	-86	south	
1495897228	60:03:08:cb:f6:48	-86	south	
1495897228	c1:91:01:2e:eb:17	-96	south	
1495897228	60:03:08:cb:f6:48	-86	south	
1495897228	00:07:80:a3:98:39	-78	south	
1495897228	13:2e:ef:7f:0c:29	-64	south	
1495897228	2c:b4:3a:1a:47:3d	-84	south	
1495897228	d0:fe:ca:df:5c:50	-88	south	
1495897228	c0:97:27:13:31:75	-64	south	
1495897229	2c:b4:3a:1a:47:3d	-80	south	
1495897229	d7:ab:2a:70:b1:f6	-80	south	
1495897229	c0:97:27:13:31:75	-66	south	
1495897229	08:66:98:e6:f3:3f	-64	south	
1495897229	13:2e:ef:7f:0c:29	-64	south	
1495897229	7f:1a:99:ab:d5:65	-86	south	
1495897229	c0:97:27:13:31:75	-66	south	
1495897229	ee:8e:61:69:cb:da	-90	south	
1495897229	13:2e:ef:7f:0c:29	-62	south	
1495897229	c1:91:01:2e:eb:17	-92	south	
1495897229	47:91:1a:0e:94:0e	-58	south	
1495897229	2c:b4:3a:1a:47:3d	-80	south	
1495897229	c0:97:27:13:31:75	-64	south	
1495897229	c1:91:01:2e:eb:17	-94	south	
1495897229	98:d6:bb:25:ad:01	-80	south	
1495897229	c1:91:01:2e:eb:17	-94	south	
1495897229	d7:ab:2a:70:b1:f6	-80	south	
1495897229	2c:b4:3a:1a:47:3d	-88	south	
1495897229	c1:91:01:2e:eb:17	-92	south	
1495897229	08:66:98:e6:f3:3f	-64	south	
1495897229	13:2e:ef:7f:0c:29	-60	south	
1495897229	60:03:08:cb:f6:48	-86	south	
1495897229	e3:3a:0e:40:fa:90	-84	south	
1495897229	04:88:e2:a0:4f:87	-72	south	
1495897229	d0:fe:ca:df:5c:50	-90	south	
1495897229	98:d6:bb:25:ad:01	-80	south	
1495897230	c1:91:01:2e:eb:17	-96	south	
1495897230	59:fc:12:dc:f1:9e	-96	south	
1495897230	ee:8e:61:69:cb:da	-90	south	
1495897230	d7:ab:2a:70:b1:f6	-80	south	
1495897230	00:07:80:d2:02:15	-74	south	
1495897230	08:66:98:e6:f3:3f	-62	south	
1495897230	d0:fe:ca:df:5c:50	-90	south	
1495897230	c1:91:01:2e:eb:17	-92	south	
1495897230	13:2e:ef:7f:0c:29	-64	south	
1495897230	ee:8e:61:69:cb:da	-90	south	
1495897230	ee:8e:61:69:cb:da	-90	south	
1495897230	2c:b4:3a:1a:47:3d	-80	south	
1495897230	00:07:80:a3:98:39	-76	south	
1495897230	08:66:98:e6:f3:3f	-64	south	
1495897230	00:07:80:c6:27:c2	-96	south	
1495897230	13:2e:ef:7f:0c:29	-64	south	
1495897230	60:03:08:cb:f6:48	-88	south	
1495897230	00:07:80:c6:27:e7	-84	south	
1495897230	d0:fe:ca:df:5c:50	-90	south	
1495897230	d7:ab:2a:70:b1:f6	-80	south	
1495897231	13:2e:ef:7f:0c:29	-62	south	
1495897231	ee:8e:61:69:cb:da	-88	south	
1495897231	ee:8e:61:69:cb:da	-90	south	
1495897231	c0:97:27:13:31:75	-62	south	
1495897231	d0:fe:ca:df:5c:50	-86	south	
1495897231	52:58:70:e9:68:63	-96	south	
1495897231	ee:8e:61:69:cb:da	-94	south	
1495897231	59:fc:12:dc:f1:9e	-96	south	
1495897231	08:66:98:e6:f3:3f	-66	south	
1495897231	13:2e:ef:7f:0c:29	-62	south	
1495897231	c0:97:27:13:31:75	-64	south	
1495897231	7f:1a:99:ab:d5:65	-86	south	
1495897231	d0:fe:ca:df:5c:50	-90	south	
1495897231	c0:97:27:13:31:75	-64	south	
1495897231	47:91:1a:0e:94:0e	-58	south	
1495897231	98:d6:bb:25:ad:01	-80	south	
1495897231	13:2e:ef:7f:0c:29	-64	south	
1495897231	d0:fe:ca:df:5c:50	-88	south	
1495897231	c0:97:27:13:31:75	-64	south	
1495897231	2c:b4:3a:1a:47:3d	-82	south	
1495897231	ee:8e:61:69:cb:da	-96	south	
1495897231	c0:97:27:13:31:75	-64	south	
1495897231	08:66:98:e6:f3:3f	-62	south	
1495897231	ee:8e:61:69:cb:da	-90	south	
1495897231	7f:1a:99:ab:d5:65	-86	south	
1495897231	60:03:08:cb:f6:48	-86	south	
1495897232	c1:91:01:2e:eb:17	-92	south	
1495897232	98:d6:bb:25:ad:01	-90	south	
1495897232	13:2e:ef:7f:0c:29	-64	south	
1495897232	2c:b4:3a:1a:47:3d	-84	south	
1495897232	04:88:e2:a0:4f:87	-68	south	
1495897232	7f:1a:99:ab:d5:65	-86	south	
1495897232	00:07:80:c6:28:93	-62	south	
1495897232	ee:8e:61:69:cb:da	-90	south	
1495897232	00:07:80:d2:02:15	-74	south	
1495897232	d0:fe:ca:df:5c:50	-88	south	
1495897232	52:58:70:e9:68:63	-96	south	
1495897232	08:66:98:e6:f3:3f	-64	south	
1495897232	c1:91:01:2e:eb:17	-90	south	
1495897232	c1:91:01:2e:eb:17	-96	south	
1495897232	08:66:98:e6:f3:3f	-64	south	
1495897232	13:2e:ef:7f:0c:29	-62	south	
1495897232	98:d6:bb:25:ad:01	-92	south	
1495897232	2c:b4:3a:1a:47:3d	-82	south	
1495897232	c0:97:27:13:31:75	-62	south	
1495897232	52:58:70:e9:68:63	-96	south	
1495897232	d0:fe:ca:df:5c:50	-88	south	
1495897232	d7:ab:2a:70:b1:f6	-82	south	
1495897232	ee:8e:61:69:cb:da	-90	south	
1495897233	c0:97:27:13:31:75	-62	south	
1495897233	d7:ab:2a:70:b1:f6	-80	south	
1495897233	ee:8e:61:69:cb:da	-90	south	
1495897233	d0:fe:ca:df:5c:50	-90	south	
1495897233	08:66:98:e6:f3:3f	-62	south	
1495897233	47:91:1a:0e:94:0e	-64	south	
1495897233	c0:97:27:13:31:75	-62	south	
1495897233	13:2e:ef:7f:0c:29	-64	south	
1495897233	d7:ab:2a:70:b1:f6	-80	south	
1495897233	c0:97:27:13:31:75	-62	south	
1495897233	47:91:1a:0e:94:0e	-66	south	
1495897233	c1:91:01:2e:eb:17	-94	south	
1495897233	c0:97:27:13:31:75	-62	south	
1495897233	c1:91:01:2e:eb:17	-90	south	
1495897233	ee:8e:61:69:cb:da	-90	south	
1495897233	d0:fe:ca:df:5c:50	-88	south	
1495897233	c0:97:27:13:31:75	-62	south	
1495897233	c1:91:01:2e:eb:17	-96	south	
1495897233	e3:3a:0e:40:fa:90	-74	south	
