1495899295	13:2e:ef:7f:0c:29	-58	north	
1495899295	ee:8e:61:69:cb:da	-82	north	
1495899295	df:31:a7:d4:1a:00	-86	north	
1495899295	2c:b4:3a:1a:47:3d	-82	north	
1495899295	08:66:98:e6:f3:3f	-58	north	
1495899295	c0:97:27:13:31:75	-56	north	
1495899295	2c:b4:3a:1a:47:3d	-78	north	
1495899295	c0:97:27:13:31:75	-56	north	
1495899295	d7:ab:2a:70:b1:f6	-80	north	
1495899295	47:91:1a:0e:94:0e	-60	north	
1495899295	13:2e:ef:7f:0c:29	-56	north	
1495899295	ee:8e:61:69:cb:da	-82	north	
1495899295	79:2c:f2:03:cc:2a	-92	north	
1495899295	01:f1:65:db:ba:6e	-92	north	
1495899295	c1:91:01:2e:eb:17	-96	north	
1495899295	47:91:1a:0e:94:0e	-60	north	
1495899295	ee:8e:61:69:cb:da	-80	north	
1495899295	2c:b4:3a:1a:47:3d	-78	north	
1495899296	d7:ab:2a:70:b1:f6	-78	north	
1495899296	1f:c6:94:f3:76:9d	-92	north	
1495899296	d7:ab:2a:70:b1:f6	-80	north	
1495899296	47:91:1a:0e:94:0e	-60	north	
1495899296	13:2e:ef:7f:0c:29	-58	north	
1495899296	ee:8e:61:69:cb:da	-84	north	
1495899296	e3:3a:0e:40:fa:90	-66	north	
1495899296	08:66:98:e6:f3:3f	-56	north	
1495899296	01:f1:65:db:ba:6e	-90	north	
1495899296	08:66:98:e6:f3:3f	-54	north	
1495899296	2c:b4:3a:1a:47:3d	-82	north	
1495899296	d7:ab:2a:70:b1:f6	-80	north	
1495899296	ee:8e:61:69:cb:da	-90	north	
1495899296	14:bb:6e:b0:c5:aa	-94	north	
1495899296	60:03:08:cb:f6:48	-90	north	
1495899296	13:2e:ef:7f:0c:29	-58	north	
1495899297	d0:03:4b:17:2e:32	-90	north	
1495899297	6c:94:f8:e3:3a:ca	-92	north	
1495899297	08:66:98:e6:f3:3f	-58	north	
1495899297	d7:ab:2a:70:b1:f6	-92	north	
1495899297	2c:b4:3a:1a:47:3d	-78	north	
1495899297	ce:fc:9c:56:84:6a	-86	north	
1495899297	ee:8e:61:69:cb:da	-88	north	
1495899297	c1:91:01:2e:eb:17	-92	north	
1495899297	ee:8e:61:69:cb:da	-82	north	
1495899297	01:f1:65:db:ba:6e	-90	north	
1495899297	00:07:80:a3:98:39	-90	north	
1495899297	c0:97:27:13:31:75	-58	north	
1495899297	13:2e:ef:7f:0c:29	-58	north	
1495899297	08:66:98:e6:f3:3f	-58	north	
1495899297	c0:97:27:13:31:75	-58	north	
1495899297	d7:ab:2a:70:b1:f6	-80	north	
1495899297	2c:b4:3a:1a:47:3d	-76	north	
1495899297	47:91:1a:0e:94:0e	-62	north	
1495899297	c0:97:27:13:31:75	-58	north	
1495899297	ee:8e:61:69:cb:da	-82	north	
1495899298	ee:8e:61:69:cb:da	-82	north	
1495899298	c0:97:27:13:31:75	-58	north	
1495899298	79:2c:f2:03:cc:2a	-90	north	
1495899298	01:f1:65:db:ba:6e	-88	north	
1495899298	d7:ab:2a:70:b1:f6	-80	north	
1495899298	47:91:1a:0e:94:0e	-60	north	
1495899298	13:2e:ef:7f:0c:29	-58	north	
1495899298	08:66:98:e6:f3:3f	-56	north	
1495899298	c0:97:27:13:31:75	-58	north	
1495899298	d7:ab:2a:70:b1:f6	-80	north	
1495899298	2c:b4:3a:1a:47:3d	-80	north	
1495899298	47:91:1a:0e:94:0e	-60	north	
1495899298	ee:8e:61:69:cb:da	-82	north	
1495899298	79:2c:f2:03:cc:2a	-90	north	
1495899298	47:91:1a:0e:94:0e	-62	north	
1495899298	13:2e:ef:7f:0c:29	-56	north	
1495899298	c1:91:01:2e:eb:17	-90	north	
1495899298	08:66:98:e6:f3:3f	-58	north	
1495899298	d7:ab:2a:70:b1:f6	-80	north	
1495899298	79:2c:f2:03:cc:2a	-90	north	
1495899298	2c:b4:3a:1a:47:3d	-80	north	
1495899298	d7:ab:2a:70:b1:f6	-80	north	
1495899299	ee:8e:61:69:cb:da	-82	north	
1495899299	00:07:80:d2:02:15	-78	north	
1495899299	01:f1:65:db:ba:6e	-90	north	
1495899299	1f:c6:94:f3:76:9d	-92	north	
1495899299	13:2e:ef:7f:0c:29	-58	north	
1495899299	08:66:98:e6:f3:3f	-58	north	
1495899299	d7:ab:2a:70:b1:f6	-80	north	
1495899299	2c:b4:3a:1a:47:3d	-78	north	
1495899299	d7:ab:2a:70:b1:f6	-78	north	
1495899299	60:03:08:cb:f6:48	-92	north	
1495899299	54:66:12:08:25:4e	-92	north	
1495899299	13:2e:ef:7f:0c:29	-58	north	
1495899299	08:66:98:e6:f3:3f	-56	north	
1495899299	d7:ab:2a:70:b1:f6	-90	north	
1495899299	c0:97:27:13:31:75	-66	north	
1495899299	c0:97:27:13:31:75	-66	north	
1495899299	47:91:1a:0e:94:0e	-60	north	
1495899299	08:66:98:e6:f3:3f	-56	north	
1495899299	c0:97:27:13:31:75	-66	north	
1495899299	ee:8e:61:69:cb:da	-82	north	
1495899300	47:91:1a:0e:94:0e	-60	north	
1495899300	13:2e:ef:7f:0c:29	-56	north	
1495899300	08:66:98:e6:f3:3f	-58	north	
1495899300	c0:97:27:13:31:75	-66	north	
1495899300	01:f1:65:db:ba:6e	-90	north	
1495899300	2c:b4:3a:1a:47:3d	-78	north	
1495899300	e3:3a:0e:40:fa:90	-72	north	
1495899300	47:91:1a:0e:94:0e	-60	north	
1495899300	ee:8e:61:69:cb:da	-82	north	
1495899300	13:2e:ef:7f:0c:29	-58	north	
1495899300	08:66:98:e6:f3:3f	-58	north	
1495899300	d7:ab:2a:70:b1:f6	-80	north	
1495899301	00:07:80:c6:28:93	-82	north	
1495899301	79:2c:f2:03:cc:2a	-90	north	
1495899301	13:2e:ef:7f:0c:29	-58	north	
1495899301	08:66:98:e6:f3:3f	-56	north	
1495899301	01:f1:65:db:ba:6e	-90	north	
1495899301	ee:8e:61:69:cb:da	-80	north	
1495899301	79:2c:f2:03:cc:2a	-88	north	
1495899301	ee:8e:61:69:cb:da	-90	north	
1495899301	c0:97:27:13:31:75	-56	north	
1495899301	2c:b4:3a:1a:47:3d	-80	north	
1495899301	d7:ab:2a:70:b1:f6	-80	north	
1495899301	ee:8e:61:69:cb:da	-82	north	
1495899301	c0:97:27:13:31:75	-56	north	
1495899301	01:f1:65:db:ba:6e	-90	north	
1495899301	13:2e:ef:7f:0c:29	-56	north	
1495899301	08:66:98:e6:f3:3f	-58	north	
1495899301	c0:97:27:13:31:75	-56	north	
1495899301	ee:8e:61:69:cb:da	-82	north	
1495899301	c0:97:27:13:31:75	-56	north	
1495899301	ee:8e:61:69:cb:da	-88	north	
1495899302	d7:ab:2a:70:b1:f6	-80	north	
1495899302	47:91:1a:0e:94:0e	-62	north	
1495899302	13:2e:ef:7f:0c:29	-58	north	
1495899302	14:bb:6e:b0:c5:aa	-94	north	
1495899302	13:2e:ef:7f:0c:29	-58	north	
1495899302	d0:03:4b:17:2e:32	-90	north	
1495899302	08:66:98:e6:f3:3f	-56	north	
1495899302	14:bb:6e:b0:c5:aa	-92	north	
1495899302	47:91:1a:0e:94:0e	-60	north	
1495899302	ee:8e:61:69:cb:da	-82	north	
1495899302	2c:b4:3a:1a:47:3d	-84	north	
1495899302	14:bb:6e:b0:c5:aa	-92	north	
1495899302	c1:91:01:2e:eb:17	-92	north	
1495899302	2c:b4:3a:1a:47:3d	-78	north	
1495899302	14:bb:6e:b0:c5:aa	-92	north	
1495899302	13:2e:ef:7f:0c:29	-58	north	
1495899302	e3:3a:0e:40:fa:90	-68	north	
1495899302	01:f1:65:db:ba:6e	-90	north	
1495899302	ee:8e:61:69:cb:da	-88	north	
1495899302	13:2e:ef:7f:0c:29	-56	north	
1495899302	08:66:98:e6:f3:3f	-58	north	
1495899303	ee:8e:61:69:cb:da	-84	north	
1495899303	ee:8e:61:69:cb:da	-80	north	
1495899303	01:f1:65:db:ba:6e	-90	north	
1495899303	2c:b4:3a:1a:47:3d	-78	north	
1495899303	6c:94:f8:e3:3a:ca	-90	north	
1495899303	13:2e:ef:7f:0c:29	-58	north	
1495899303	08:66:98:e6:f3:3f	-58	north	
1495899303	d7:ab:2a:70:b1:f6	-80	north	
1495899303	ce:fc:9c:56:84:6a	-82	north	
1495899303	2c:b4:3a:1a:47:3d	-80	north	
1495899303	1f:c6:94:f3:76:9d	-90	north	
1495899303	08:66:98:e6:f3:3f	-58	north	
1495899303	00:07:80:c6:27:e7	-90	north	
1495899303	d7:ab:2a:70:b1:f6	-90	north	
1495899304	60:03:08:cb:f6:48	-92	north	
1495899304	13:2e:ef:7f:0c:29	-58	north	
1495899304	d0:03:4b:17:2e:32	-90	north	
1495899304	08:66:98:e6:f3:3f	-56	north	
1495899304	47:91:1a:0e:94:0e	-60	north	
1495899304	ee:8e:61:69:cb:da	-84	north	
1495899304	c0:97:27:13:31:75	-58	north	
1495899304	47:91:1a:0e:94:0e	-60	north	
1495899304	2c:b4:3a:1a:47:3d	-76	north	
1495899304	d7:ab:2a:70:b1:f6	-78	north	
1495899304	08:66:98:e6:f3:3f	-54	north	
1495899304	54:66:12:08:25:4e	-96	north	
1495899304	01:f1:65:db:ba:6e	-90	north	
1495899304	c0:97:27:13:31:75	-58	north	
1495899304	13:2e:ef:7f:0c:29	-56	north	
1495899304	79:2c:f2:03:cc:2a	-90	north	
1495899304	d0:03:4b:17:2e:32	-90	north	
1495899304	47:91:1a:0e:94:0e	-60	north	
1495899304	ee:8e:61:69:cb:da	-80	north	
1495899304	c0:97:27:13:31:75	-58	north	
1495899304	ee:8e:61:69:cb:da	-90	north	
1495899304	79:2c:f2:03:cc:2a	-92	north	
1495899304	c0:97:27:13:31:75	-58	north	
1495899305	08:66:98:e6:f3:3f	-58	north	
1495899305	c0:97:27:13:31:75	-58	north	
1495899305	01:f1:65:db:ba:6e	-90	north	
1495899305	d7:ab:2a:70:b1:f6	-80	north	
1495899305	1f:c6:94:f3:76:9d	-92	north	
1495899305	79:2c:f2:03:cc:2a	-92	north	
1495899305	c0:97:27:13:31:75	-58	north	
1495899305	ee:8e:61:69:cb:da	-80	north	
1495899305	60:03:08:cb:f6:48	-92	north	
1495899305	ee:8e:61:69:cb:da	-90	north	
1495899305	c0:97:27:13:31:75	-58	north	
1495899305	79:2c:f2:03:cc:2a	-90	north	
1495899305	df:31:a7:d4:1a:00	-86	north	
1495899305	d7:ab:2a:70:b1:f6	-78	north	
1495899305	c0:97:27:13:31:75	-58	north	
1495899305	08:66:98:e6:f3:3f	-58	north	
1495899305	79:2c:f2:03:cc:2a	-88	north	
1495899305	d0:03:4b:17:2e:32	-90	north	
1495899305	ee:8e:61:69:cb:da	-80	north	
1495899305	00:07:80:a3:98:39	-84	north	
1495899305	2c:b4:3a:1a:47:3d	-80	north	
1495899305	79:2c:f2:03:cc:2a	-92	north	
1495899306	08:66:98:e6:f3:3f	-56	north	
1495899306	d7:ab:2a:70:b1:f6	-80	north	
1495899306	13:2e:ef:7f:0c:29	-56	north	
1495899306	2c:b4:3a:1a:47:3d	-76	north	
1495899306	c1:91:01:2e:eb:17	-94	north	
1495899306	47:91:1a:0e:94:0e	-60	north	
1495899306	d7:ab:2a:70:b1:f6	-90	north	
1495899306	08:66:98:e6:f3:3f	-58	north	
1495899306	6c:94:f8:e3:3a:ca	-90	north	
1495899306	d7:ab:2a:70:b1:f6	-80	north	
1495899306	ee:8e:61:69:cb:da	-84	north	
1495899306	13:2e:ef:7f:0c:29	-58	north	
1495899306	47:91:1a:0e:94:0e	-60	north	
1495899306	c1:91:01:2e:eb:17	-92	north	
1495899306	2c:b4:3a:1a:47:3d	-76	north	
1495899307	c0:97:27:13:31:75	-64	north	
1495899307	47:91:1a:0e:94:0e	-60	north	
1495899307	c0:97:27:13:31:75	-64	north	
1495899307	00:07:80:c6:28:93	-86	north	
1495899307	d7:ab:2a:70:b1:f6	-80	north	
1495899307	c0:97:27:13:31:75	-64	north	
1495899307	ee:8e:61:69:cb:da	-80	north	
1495899307	13:2e:ef:7f:0c:29	-58	north	
1495899307	00:07:80:d2:02:15	-82	north	
1495899307	d0:03:4b:17:2e:32	-90	north	
1495899307	08:66:98:e6:f3:3f	-56	north	
1495899307	01:f1:65:db:ba:6e	-90	north	
1495899307	ee:8e:61:69:cb:da	-90	north	
1495899307	c0:97:27:13:31:75	-64	north	
1495899307	2c:b4:3a:1a:47:3d	-78	north	
1495899307	ce:fc:9c:56:84:6a	-82	north	
1495899307	c0:97:27:13:31:75	-64	north	
1495899307	01:f1:65:db:ba:6e	-88	north	
1495899307	d7:ab:2a:70:b1:f6	-90	north	
1495899307	08:66:98:e6:f3:3f	-54	north	
1495899307	c0:97:27:13:31:75	-64	north	
1495899307	ee:8e:61:69:cb:da	-80	north	
1495899307	13:2e:ef:7f:0c:29	-56	north	
1495899307	c1:91:01:2e:eb:17	-92	north	
1495899307	c0:97:27:13:31:75	-64	north	
1495899307	ee:8e:61:69:cb:da	-90	north	
1495899308	01:f1:65:db:ba:6e	-90	north	
1495899308	1f:c6:94:f3:76:9d	-92	north	
1495899308	ee:8e:61:69:cb:da	-80	north	
1495899308	ee:8e:61:69:cb:da	-90	north	
1495899308	13:2e:ef:7f:0c:29	-58	north	
1495899308	47:91:1a:0e:94:0e	-60	north	
1495899308	d7:ab:2a:70:b1:f6	-78	north	
1495899308	d7:ab:2a:70:b1:f6	-78	north	
1495899308	47:91:1a:0e:94:0e	-60	north	
1495899308	c1:91:01:2e:eb:17	-92	north	
1495899308	14:bb:6e:b0:c5:aa	-92	north	
1495899308	c1:91:01:2e:eb:17	-92	north	
1495899308	08:66:98:e6:f3:3f	-58	north	
1495899308	14:bb:6e:b0:c5:aa	-92	north	
1495899309	13:2e:ef:7f:0c:29	-58	north	
1495899309	ee:8e:61:69:cb:da	-82	north	
1495899309	c0:97:27:13:31:75	-56	north	
1495899309	2c:b4:3a:1a:47:3d	-82	north	
1495899309	13:2e:ef:7f:0c:29	-56	north	
1495899309	d7:ab:2a:70:b1:f6	-92	north	
1495899309	ee:8e:61:69:cb:da	-82	north	
1495899309	e3:3a:0e:40:fa:90	-68	north	
1495899309	c0:97:27:13:31:75	-56	north	
1495899309	08:66:98:e6:f3:3f	-54	north	
1495899309	ee:8e:61:69:cb:da	-82	north	
1495899309	c0:97:27:13:31:75	-56	north	
1495899309	13:2e:ef:7f:0c:29	-56	north	
1495899309	01:f1:65:db:ba:6e	-90	north	
1495899309	2c:b4:3a:1a:47:3d	-76	north	
1495899309	13:2e:ef:7f:0c:29	-58	north	
1495899309	ee:8e:61:69:cb:da	-80	north	
1495899309	ee:8e:61:69:cb:da	-88	north	
1495899309	d7:ab:2a:70:b1:f6	-80	north	
1495899309	08:66:98:e6:f3:3f	-58	north	
1495899310	13:2e:ef:7f:0c:29	-58	north	
1495899310	ce:fc:9c:56:84:6a	-82	north	
1495899310	2c:b4:3a:1a:47:3d	-78	north	
1495899310	d0:03:4b:17:2e:32	-92	north	
1495899310	01:f1:65:db:ba:6e	-90	north	
1495899310	d7:ab:2a:70:b1:f6	-78	north	
1495899310	ee:8e:61:69:cb:da	-82	north	
1495899310	08:66:98:e6:f3:3f	-58	north	
1495899310	13:2e:ef:7f:0c:29	-58	north	
1495899310	01:f1:65:db:ba:6e	-92	north	
1495899310	00:07:80:c6:27:c0	-90	north	
1495899310	2c:b4:3a:1a:47:3d	-80	north	
1495899310	c1:91:01:2e:eb:17	-92	north	
1495899311	d7:ab:2a:70:b1:f6	-80	north	
1495899311	08:66:98:e6:f3:3f	-56	north	
1495899311	ee:8e:61:69:cb:da	-80	north	
1495899311	13:2e:ef:7f:0c:29	-56	north	
1495899311	ee:8e:61:69:cb:da	-88	north	
1495899311	c0:97:27:13:31:75	-58	north	
1495899311	c1:91:01:2e:eb:17	-92	north	
1495899311	13:2e:ef:7f:0c:29	-58	north	
1495899311	c0:97:27:13:31:75	-58	north	
1495899311	47:91:1a:0e:94:0e	-58	north	
1495899311	00:07:80:d2:02:15	-82	north	
1495899311	c0:97:27:13:31:75	-58	north	
1495899311	6c:94:f8:e3:3a:ca	-90	north	
1495899311	08:66:98:e6:f3:3f	-58	north	
1495899311	2c:b4:3a:1a:47:3d	-76	north	
1495899311	ee:8e:61:69:cb:da	-88	north	
1495899311	47:91:1a:0e:94:0e	-60	north	
1495899311	c0:97:27:13:31:75	-58	north	
1495899311	d7:ab:2a:70:b1:f6	-80	north	
1495899311	c0:97:27:13:31:75	-58	north	
1495899311	13:2e:ef:7f:0c:29	-58	north	
1495899311	d0:03:4b:17:2e:32	-90	north	
1495899311	79:2c:f2:03:cc:2a	-86	north	
1495899312	47:91:1a:0e:94:0e	-60	north	
1495899312	c0:97:27:13:31:75	-58	north	
1495899312	d0:03:4b:17:2e:32	-90	north	
1495899312	ee:8e:61:69:cb:da	-80	north	
1495899312	08:66:98:e6:f3:3f	-58	north	
1495899312	47:91:1a:0e:94:0e	-60	north	
1495899312	c1:91:01:2e:eb:17	-92	north	
1495899312	01:f1:65:db:ba:6e	-90	north	
1495899312	d7:ab:2a:70:b1:f6	-80	north	
1495899312	13:2e:ef:7f:0c:29	-56	north	
1495899312	ee:8e:61:69:cb:da	-84	north	
1495899312	ee:8e:61:69:cb:da	-82	north	
1495899312	08:66:98:e6:f3:3f	-56	north	
1495899312	79:2c:f2:03:cc:2a	-88	north	
1495899312	2c:b4:3a:1a:47:3d	-80	north	
1495899312	d7:ab:2a:70:b1:f6	-92	north	
1495899313	d7:ab:2a:70:b1:f6	-80	north	
1495899313	2c:b4:3a:1a:47:3d	-76	north	
1495899313	13:2e:ef:7f:0c:29	-58	north	
1495899313	e3:3a:0e:40:fa:90	-70	north	
1495899313	08:66:98:e6:f3:3f	-58	north	
1495899313	c0:97:27:13:31:75	-64	north	
1495899313	00:07:80:c6:28:93	-82	north	
1495899313	68:d9:3c:7c:df:da	-92	north	
1495899313	c0:97:27:13:31:75	-64	north	
1495899313	d0:03:4b:17:2e:32	-90	north	
1495899313	df:31:a7:d4:1a:00	-86	north	
1495899313	c1:91:01:2e:eb:17	-92	north	
1495899313	d7:ab:2a:70:b1:f6	-80	north	
1495899313	2c:b4:3a:1a:47:3d	-76	north	
1495899313	c0:97:27:13:31:75	-64	north	
1495899313	08:66:98:e6:f3:3f	-58	north	
1495899313	ee:8e:61:69:cb:da	-90	north	
1495899313	14:bb:6e:b0:c5:aa	-92	north	
1495899313	47:91:1a:0e:94:0e	-62	north	
1495899313	ee:8e:61:69:cb:da	-82	north	
1495899314	00:07:80:a3:98:39	-88	north	
1495899314	01:f1:65:db:ba:6e	-90	north	
1495899314	d7:ab:2a:70:b1:f6	-80	north	
1495899314	ce:fc:9c:56:84:6a	-84	north	
1495899314	ee:8e:61:69:cb:da	-82	north	
1495899314	6c:94:f8:e3:3a:ca	-90	north	
1495899314	14:bb:6e:b0:c5:aa	-92	north	
1495899314	47:91:1a:0e:94:0e	-60	north	
1495899314	ee:8e:61:69:cb:da	-80	north	
1495899314	13:2e:ef:7f:0c:29	-56	north	
1495899314	08:66:98:e6:f3:3f	-54	north	
1495899314	47:91:1a:0e:94:0e	-60	north	
1495899314	c0:97:27:13:31:75	-56	north	
1495899314	13:2e:ef:7f:0c:29	-56	north	
1495899314	d7:ab:2a:70:b1:f6	-80	north	
1495899314	c0:97:27:13:31:75	-56	north	
1495899314	2c:b4:3a:1a:47:3d	-76	north	
1495899314	c0:97:27:13:31:75	-56	north	
1495899314	13:2e:ef:7f:0c:29	-56	north	
1495899314	08:66:98:e6:f3:3f	-58	north	
1495899314	c0:97:27:13:31:75	-56	north	
1495899314	ee:8e:61:69:cb:da	-82	north	
1495899315	d0:03:4b:17:2e:32	-90	north	
1495899315	d7:ab:2a:70:b1:f6	-78	north	
1495899315	79:2c:f2:03:cc:2a	-88	north	
1495899315	2c:b4:3a:1a:47:3d	-78	north	
1495899315	c0:97:27:13:31:75	-56	north	
1495899315	08:66:98:e6:f3:3f	-58	north	
1495899315	ee:8e:61:69:cb:da	-82	north	
1495899315	54:66:12:08:25:4e	-92	north	
1495899315	d7:ab:2a:70:b1:f6	-80	north	
1495899315	79:2c:f2:03:cc:2a	-88	north	
1495899315	01:f1:65:db:ba:6e	-90	north	
1495899315	e3:3a:0e:40:fa:90	-66	north	
1495899315	08:66:98:e6:f3:3f	-58	north	
1495899315	ee:8e:61:69:cb:da	-88	north	
1495899315	2c:b4:3a:1a:47:3d	-76	north	
1495899315	54:66:12:08:25:4e	-90	north	
1495899315	13:2e:ef:7f:0c:29	-58	north	
1495899316	00:07:80:a3:98:39	-86	north	
1495899316	13:2e:ef:7f:0c:29	-56	north	
1495899316	54:66:12:08:25:4e	-90	north	
1495899316	1f:c6:94:f3:76:9d	-92	north	
1495899316	13:2e:ef:7f:0c:29	-58	north	
1495899316	ee:8e:61:69:cb:da	-80	north	
1495899316	08:66:98:e6:f3:3f	-58	north	
1495899316	01:f1:65:db:ba:6e	-90	north	
1495899317	79:2c:f2:03:cc:2a	-88	north	
1495899317	54:66:12:08:25:4e	-90	north	
1495899317	79:2c:f2:03:cc:2a	-90	north	
1495899317	2c:b4:3a:1a:47:3d	-76	north	
1495899317	d7:ab:2a:70:b1:f6	-80	north	
1495899317	13:2e:ef:7f:0c:29	-58	north	
1495899317	d7:ab:2a:70:b1:f6	-78	north	
1495899317	79:2c:f2:03:cc:2a	-88	north	
1495899317	d7:ab:2a:70:b1:f6	-90	north	
1495899317	08:66:98:e6:f3:3f	-58	north	
1495899317	01:f1:65:db:ba:6e	-90	north	
1495899317	ee:8e:61:69:cb:da	-82	north	
1495899317	13:2e:ef:7f:0c:29	-58	north	
1495899317	c0:97:27:13:31:75	-58	north	
1495899317	c8:69:cd:7f:43:b5	-92	north	
1495899317	d7:ab:2a:70:b1:f6	-78	north	
1495899317	c0:97:27:13:31:75	-58	north	
1495899317	d0:03:4b:17:2e:32	-90	north	
1495899318	08:66:98:e6:f3:3f	-56	north	
1495899318	d7:ab:2a:70:b1:f6	-80	north	
1495899318	c0:97:27:13:31:75	-58	north	
1495899318	ee:8e:61:69:cb:da	-82	north	
1495899318	ee:8e:61:69:cb:da	-80	north	
1495899318	47:91:1a:0e:94:0e	-62	north	
1495899318	2c:b4:3a:1a:47:3d	-80	north	
1495899318	13:2e:ef:7f:0c:29	-58	north	
1495899318	c1:91:01:2e:eb:17	-92	north	
1495899318	47:91:1a:0e:94:0e	-60	north	
1495899318	d7:ab:2a:70:b1:f6	-78	north	
1495899318	01:f1:65:db:ba:6e	-90	north	
1495899318	ee:8e:61:69:cb:da	-84	north	
1495899318	6c:94:f8:e3:3a:ca	-90	north	
1495899318	79:2c:f2:03:cc:2a	-88	north	
1495899318	ee:8e:61:69:cb:da	-80	north	
1495899318	47:91:1a:0e:94:0e	-58	north	
1495899318	d7:ab:2a:70:b1:f6	-78	north	
1495899318	13:2e:ef:7f:0c:29	-58	north	
1495899319	c0:97:27:13:31:75	-64	north	
1495899319	2c:b4:3a:1a:47:3d	-78	north	
1495899319	d7:ab:2a:70:b1:f6	-80	north	
1495899319	c0:97:27:13:31:75	-66	north	
1495899319	ee:8e:61:69:cb:da	-82	north	
1495899319	c1:91:01:2e:eb:17	-92	north	
1495899319	ee:8e:61:69:cb:da	-80	north	
1495899319	08:66:98:e6:f3:3f	-56	north	
1495899319	ee:8e:61:69:cb:da	-90	north	
1495899319	13:2e:ef:7f:0c:29	-56	north	
1495899319	c0:97:27:13:31:75	-64	north	
1495899319	ee:8e:61:69:cb:da	-84	north	
1495899319	00:07:80:c6:28:93	-82	north	
1495899319	2c:b4:3a:1a:47:3d	-80	north	
1495899319	d7:ab:2a:70:b1:f6	-80	north	
1495899319	08:66:98:e6:f3:3f	-58	north	
1495899319	ee:8e:61:69:cb:da	-90	north	
1495899320	98:d6:bb:25:ad:01	-96	north	
1495899320	ee:8e:61:69:cb:da	-82	north	
1495899320	2c:b4:3a:1a:47:3d	-76	north	
1495899320	47:91:1a:0e:94:0e	-58	north	
1495899320	d7:ab:2a:70:b1:f6	-78	north	
1495899320	01:f1:65:db:ba:6e	-90	north	
1495899320	14:bb:6e:b0:c5:aa	-94	north	
1495899320	08:66:98:e6:f3:3f	-58	north	
1495899320	47:91:1a:0e:94:0e	-62	north	
1495899320	ce:fc:9c:56:84:6a	-76	north	
1495899320	13:2e:ef:7f:0c:29	-58	north	
1495899320	c0:97:27:13:31:75	-56	north	
1495899320	08:66:98:e6:f3:3f	-56	north	
1495899320	c8:69:cd:7f:43:b5	-92	north	
1495899320	54:66:12:08:25:4e	-90	north	
1495899320	ee:8e:61:69:cb:da	-82	north	
1495899320	79:2c:f2:03:cc:2a	-90	north	
1495899320	2c:b4:3a:1a:47:3d	-76	north	
1495899320	c0:97:27:13:31:75	-56	north	
1495899320	ee:8e:61:69:cb:da	-88	north	
1495899320	13:2e:ef:7f:0c:29	-56	north	
1495899320	01:f1:65:db:ba:6e	-88	north	
1495899320	d0:03:4b:17:2e:32	-90	north	
1495899320	79:2c:f2:03:cc:2a	-86	north	
1495899320	d7:ab:2a:70:b1:f6	-80	north	
1495899321	d7:ab:2a:70:b1:f6	-78	north	
1495899321	13:2e:ef:7f:0c:29	-56	north	
1495899321	c1:91:01:2e:eb:17	-92	north	
1495899321	08:66:98:e6:f3:3f	-60	north	
1495899321	14:bb:6e:b0:c5:aa	-92	north	
1495899321	ee:8e:61:69:cb:da	-82	north	
1495899321	ee:8e:61:69:cb:da	-90	north	
1495899321	13:2e:ef:7f:0c:29	-58	north	
1495899321	10:09:50:9c:87:05	-96	north	
1495899321	2c:b4:3a:1a:47:3d	-78	north	
1495899321	df:31:a7:d4:1a:00	-86	north	
1495899321	08:66:98:e6:f3:3f	-60	north	
1495899321	01:f1:65:db:ba:6e	-92	north	
1495899321	13:2e:ef:7f:0c:29	-60	north	
1495899321	00:07:80:d2:02:15	-82	north	
1495899321	d7:ab:2a:70:b1:f6	-78	north	
1495899321	13:2e:ef:7f:0c:29	-58	north	
1495899321	ee:8e:61:69:cb:da	-82	north	
1495899322	01:f1:65:db:ba:6e	-88	north	
1495899322	e3:3a:0e:40:fa:90	-68	north	
1495899322	ee:8e:61:69:cb:da	-80	north	
1495899322	d7:ab:2a:70:b1:f6	-80	north	
1495899322	08:66:98:e6:f3:3f	-56	north	
1495899322	00:07:80:a3:98:39	-90	north	
1495899322	ee:8e:61:69:cb:da	-88	north	
1495899322	2c:b4:3a:1a:47:3d	-78	north	
1495899322	13:2e:ef:7f:0c:29	-56	north	
1495899322	ee:8e:61:69:cb:da	-82	north	
1495899322	2c:b4:3a:1a:47:3d	-80	north	
1495899322	47:91:1a:0e:94:0e	-60	north	
1495899322	08:66:98:e6:f3:3f	-60	north	
1495899322	c0:97:27:13:31:75	-58	north	
1495899322	ee:8e:61:69:cb:da	-88	north	
1495899322	01:f1:65:db:ba:6e	-92	north	
1495899322	47:91:1a:0e:94:0e	-60	north	
1495899322	13:2e:ef:7f:0c:29	-60	north	
1495899322	ee:8e:61:69:cb:da	-82	north	
1495899322	c0:97:27:13:31:75	-58	north	
1495899323	c0:97:27:13:31:75	-58	north	
1495899323	47:91:1a:0e:94:0e	-60	north	
1495899323	ee:8e:61:69:cb:da	-80	north	
1495899323	c0:97:27:13:31:75	-58	north	
1495899323	08:66:98:e6:f3:3f	-58	north	
1495899323	d7:ab:2a:70:b1:f6	-78	north	
1495899323	01:f1:65:db:ba:6e	-88	north	
1495899323	47:91:1a:0e:94:0e	-60	north	
1495899323	c0:97:27:13:31:75	-58	north	
1495899323	13:2e:ef:7f:0c:29	-58	north	
1495899323	2c:b4:3a:1a:47:3d	-82	north	
1495899323	13:2e:ef:7f:0c:29	-56	north	
1495899323	47:91:1a:0e:94:0e	-60	north	
1495899323	c1:91:01:2e:eb:17	-92	north	
1495899323	00:07:80:d2:02:15	-78	north	
1495899323	08:66:98:e6:f3:3f	-56	north	
1495899324	13:2e:ef:7f:0c:29	-54	north	
1495899324	d7:ab:2a:70:b1:f6	-80	north	
1495899324	ee:8e:61:69:cb:da	-88	north	
1495899324	d7:ab:2a:70:b1:f6	-78	north	
1495899324	00:07:80:a3:98:39	-90	north	
1495899324	2c:b4:3a:1a:47:3d	-80	north	
1495899324	d7:ab:2a:70:b1:f6	-80	north	
1495899324	01:f1:65:db:ba:6e	-90	north	
1495899324	00:07:80:c6:27:e7	-90	north	
1495899324	ee:8e:61:69:cb:da	-80	north	
1495899324	d0:03:4b:17:2e:32	-90	north	
1495899324	08:66:98:e6:f3:3f	-58	north	
1495899324	ee:8e:61:69:cb:da	-88	north	
1495899324	c0:97:27:13:31:75	-66	north	
1495899324	d7:ab:2a:70:b1:f6	-80	north	
1495899324	c0:97:27:13:31:75	-66	north	
1495899324	2c:b4:3a:1a:47:3d	-78	north	
1495899324	c0:97:27:13:31:75	-66	north	
1495899324	08:66:98:e6:f3:3f	-58	north	
1495899325	01:f1:65:db:ba:6e	-90	north	
1495899325	47:91:1a:0e:94:0e	-60	north	
1495899325	c0:97:27:13:31:75	-66	north	
1495899325	08:66:98:e6:f3:3f	-56	north	
1495899325	c0:97:27:13:31:75	-66	north	
1495899325	79:2c:f2:03:cc:2a	-86	north	
1495899325	13:2e:ef:7f:0c:29	-56	north	
1495899325	47:91:1a:0e:94:0e	-60	north	
1495899325	d7:ab:2a:70:b1:f6	-80	north	
1495899325	98:d6:bb:25:ad:01	-90	north	
1495899325	ee:8e:61:69:cb:da	-82	north	
1495899325	d7:ab:2a:70:b1:f6	-80	north	
1495899325	47:91:1a:0e:94:0e	-62	north	
1495899325	2c:b4:3a:1a:47:3d	-78	north	
1495899325	08:66:98:e6:f3:3f	-60	north	
1495899325	00:07:80:c6:28:93	-84	north	
1495899325	13:2e:ef:7f:0c:29	-60	north	
1495899325	47:91:1a:0e:94:0e	-60	north	
1495899325	2c:b4:3a:1a:47:3d	-78	north	
1495899325	d7:ab:2a:70:b1:f6	-80	north	
1495899326	ee:8e:61:69:cb:da	-84	north	
1495899326	e3:3a:0e:40:fa:90	-74	north	
1495899326	d0:03:4b:17:2e:32	-90	north	
1495899326	13:2e:ef:7f:0c:29	-58	north	
1495899326	08:66:98:e6:f3:3f	-58	north	
1495899326	14:bb:6e:b0:c5:aa	-92	north	
1495899326	d7:ab:2a:70:b1:f6	-80	north	
1495899326	01:f1:65:db:ba:6e	-88	north	
1495899326	2c:b4:3a:1a:47:3d	-78	north	
1495899326	13:2e:ef:7f:0c:29	-60	north	
1495899326	08:66:98:e6:f3:3f	-56	north	
1495899326	c0:97:27:13:31:75	-56	north	
1495899326	ee:8e:61:69:cb:da	-88	north	
1495899326	13:2e:ef:7f:0c:29	-56	north	
1495899327	d7:ab:2a:70:b1:f6	-80	north	
1495899327	c0:97:27:13:31:75	-56	north	
1495899327	d7:ab:2a:70:b1:f6	-78	north	
1495899327	c0:97:27:13:31:75	-56	north	
1495899327	ee:8e:61:69:cb:da	-82	north	
1495899327	08:66:98:e6:f3:3f	-60	north	
1495899327	6c:94:f8:e3:3a:ca	-90	north	
1495899327	c0:97:27:13:31:75	-56	north	
1495899327	ee:8e:61:69:cb:da	-88	north	
1495899327	13:2e:ef:7f:0c:29	-60	north	
1495899327	47:91:1a:0e:94:0e	-60	north	
1495899327	c0:97:27:13:31:75	-56	north	
1495899327	d7:ab:2a:70:b1:f6	-80	north	
1495899327	47:91:1a:0e:94:0e	-62	north	
1495899327	01:f1:65:db:ba:6e	-90	north	
1495899327	d0:03:4b:17:2e:32	-90	north	
1495899327	08:66:98:e6:f3:3f	-58	north	
1495899327	2c:b4:3a:1a:47:3d	-76	north	
1495899328	ee:8e:61:69:cb:da	-90	north	
1495899328	47:91:1a:0e:94:0e	-60	north	
1495899328	13:2e:ef:7f:0c:29	-58	north	
1495899328	79:2c:f2:03:cc:2a	-88	north	
1495899328	d7:ab:2a:70:b1:f6	-80	north	
1495899328	ee:8e:61:69:cb:da	-82	north	
1495899328	08:66:98:e6:f3:3f	-56	north	
1495899328	2c:b4:3a:1a:47:3d	-78	north	
1495899328	ee:8e:61:69:cb:da	-88	north	
1495899328	e3:3a:0e:40:fa:90	-66	north	
1495899329	54:66:12:08:25:4e	-92	north	
1495899329	13:2e:ef:7f:0c:29	-60	north	
1495899329	d0:03:4b:17:2e:32	-88	north	
1495899329	54:66:12:08:25:4e	-92	north	
1495899329	01:f1:65:db:ba:6e	-92	north	
1495899329	d7:ab:2a:70:b1:f6	-80	north	
1495899329	08:66:98:e6:f3:3f	-58	north	
1495899329	ee:8e:61:69:cb:da	-88	north	
1495899329	2c:b4:3a:1a:47:3d	-80	north	
1495899329	ee:8e:61:69:cb:da	-84	north	
1495899329	13:2e:ef:7f:0c:29	-60	north	
1495899329	54:66:12:08:25:4e	-90	north	
1495899329	ee:8e:61:69:cb:da	-82	north	
1495899329	c0:97:27:13:31:75	-58	north	
1495899329	13:2e:ef:7f:0c:29	-58	north	
1495899329	c0:97:27:13:31:75	-58	north	
1495899329	47:91:1a:0e:94:0e	-60	north	
1495899329	00:07:80:d2:02:15	-84	north	
1495899330	08:66:98:e6:f3:3f	-58	north	
1495899330	c0:97:27:13:31:75	-58	north	
1495899330	2c:b4:3a:1a:47:3d	-78	north	
1495899330	ee:8e:61:69:cb:da	-84	north	
1495899330	47:91:1a:0e:94:0e	-60	north	
1495899330	d7:ab:2a:70:b1:f6	-80	north	
1495899330	13:2e:ef:7f:0c:29	-60	north	
1495899330	d7:ab:2a:70:b1:f6	-80	north	
1495899330	47:91:1a:0e:94:0e	-60	north	
1495899330	ee:8e:61:69:cb:da	-90	north	
1495899330	08:66:98:e6:f3:3f	-60	north	
1495899330	c0:97:27:13:31:75	-64	north	
1495899330	13:2e:ef:7f:0c:29	-60	north	
1495899330	c0:97:27:13:31:75	-64	north	
1495899330	60:03:08:cb:f6:48	-92	north	
1495899330	13:2e:ef:7f:0c:29	-58	north	
1495899331	d7:ab:2a:70:b1:f6	-80	north	
1495899331	c0:97:27:13:31:75	-64	north	
1495899331	d7:ab:2a:70:b1:f6	-80	north	
1495899331	ee:8e:61:69:cb:da	-90	north	
1495899331	08:66:98:e6:f3:3f	-58	north	
1495899331	d7:ab:2a:70:b1:f6	-80	north	
1495899331	13:2e:ef:7f:0c:29	-58	north	
1495899331	df:31:a7:d4:1a:00	-84	north	
1495899331	47:91:1a:0e:94:0e	-60	north	
1495899331	ee:8e:61:69:cb:da	-82	north	
1495899331	d7:ab:2a:70:b1:f6	-80	north	
1495899331	47:91:1a:0e:94:0e	-60	north	
1495899331	08:66:98:e6:f3:3f	-60	north	
1495899332	d0:03:4b:17:2e:32	-90	north	
1495899332	13:2e:ef:7f:0c:29	-60	north	
1495899332	c0:97:27:13:31:75	-56	north	
1495899332	ee:8e:61:69:cb:da	-82	north	
1495899332	c1:91:01:2e:eb:17	-92	north	
1495899332	ee:8e:61:69:cb:da	-88	north	
1495899332	1f:c6:94:f3:76:9d	-92	north	
1495899332	c0:97:27:13:31:75	-56	north	
1495899332	c8:69:cd:7f:43:b5	-92	north	
1495899332	ee:8e:61:69:cb:da	-84	north	
1495899332	ee:8e:61:69:cb:da	-82	north	
1495899332	d7:ab:2a:70:b1:f6	-80	north	
1495899332	08:66:98:e6:f3:3f	-58	north	
1495899332	13:2e:ef:7f:0c:29	-58	north	
1495899332	79:2c:f2:03:cc:2a	-88	north	
1495899332	ee:8e:61:69:cb:da	-82	north	
1495899332	01:f1:65:db:ba:6e	-90	north	
1495899332	2c:b4:3a:1a:47:3d	-80	north	
1495899332	14:bb:6e:b0:c5:aa	-90	north	
1495899332	d7:ab:2a:70:b1:f6	-80	north	
1495899333	13:2e:ef:7f:0c:29	-58	north	
1495899333	08:66:98:e6:f3:3f	-56	north	
1495899333	c1:91:01:2e:eb:17	-92	north	
1495899333	6c:94:f8:e3:3a:ca	-90	north	
1495899333	47:91:1a:0e:94:0e	-60	north	
1495899333	08:66:98:e6:f3:3f	-60	north	
1495899333	ee:8e:61:69:cb:da	-90	north	
1495899333	01:f1:65:db:ba:6e	-90	north	
1495899333	79:2c:f2:03:cc:2a	-88	north	
1495899333	47:91:1a:0e:94:0e	-62	north	
1495899333	df:31:a7:d4:1a:00	-86	north	
1495899333	13:2e:ef:7f:0c:29	-56	north	
1495899333	c8:69:cd:7f:43:b5	-92	north	
1495899333	d7:ab:2a:70:b1:f6	-92	north	
1495899333	2c:b4:3a:1a:47:3d	-78	north	
1495899333	54:66:12:08:25:4e	-90	north	
1495899333	d7:ab:2a:70:b1:f6	-80	north	
1495899333	13:2e:ef:7f:0c:29	-60	north	
1495899333	08:66:98:e6:f3:3f	-58	north	
1495899333	ee:8e:61:69:cb:da	-88	north	
1495899334	01:f1:65:db:ba:6e	-90	north	
1495899334	c0:97:27:13:31:75	-58	north	
1495899334	ee:8e:61:69:cb:da	-82	north	
1495899334	08:66:98:e6:f3:3f	-58	north	
1495899334	c0:97:27:13:31:75	-58	north	
1495899334	d7:ab:2a:70:b1:f6	-80	north	
1495899334	d0:03:4b:17:2e:32	-88	north	
1495899334	13:2e:ef:7f:0c:29	-58	north	
1495899334	08:66:98:e6:f3:3f	-58	north	
1495899334	13:2e:ef:7f:0c:29	-58	north	
1495899334	ee:8e:61:69:cb:da	-90	north	
1495899334	c0:97:27:13:31:75	-58	north	
1495899334	d7:ab:2a:70:b1:f6	-78	north	
1495899334	2c:b4:3a:1a:47:3d	-78	north	
1495899334	c1:91:01:2e:eb:17	-92	north	
1495899334	2c:b4:3a:1a:47:3d	-78	north	
1495899334	1f:c6:94:f3:76:9d	-94	north	
1495899334	98:d6:bb:25:ad:01	-92	north	
1495899334	54:66:12:08:25:4e	-90	north	
1495899334	13:2e:ef:7f:0c:29	-58	north	
1495899334	6c:94:f8:e3:3a:ca	-90	north	
1495899334	08:66:98:e6:f3:3f	-60	north	
1495899335	ee:8e:61:69:cb:da	-88	north	
1495899335	d7:ab:2a:70:b1:f6	-78	north	
1495899335	e3:3a:0e:40:fa:90	-68	north	
1495899335	2c:b4:3a:1a:47:3d	-78	north	
1495899335	d7:ab:2a:70:b1:f6	-90	north	
1495899335	d7:ab:2a:70:b1:f6	-80	north	
1495899335	47:91:1a:0e:94:0e	-60	north	
1495899335	d7:ab:2a:70:b1:f6	-78	north	
1495899335	08:66:98:e6:f3:3f	-58	north	
1495899335	ee:8e:61:69:cb:da	-82	north	
1495899335	df:31:a7:d4:1a:00	-84	north	
1495899335	13:2e:ef:7f:0c:29	-58	north	
1495899335	ee:8e:61:69:cb:da	-90	north	
1495899335	79:2c:f2:03:cc:2a	-88	north	
1495899335	2c:b4:3a:1a:47:3d	-80	north	
1495899335	d0:03:4b:17:2e:32	-88	north	
1495899335	c0:97:27:13:31:75	-64	north	
1495899335	d7:ab:2a:70:b1:f6	-78	north	
1495899335	d0:03:4b:17:2e:32	-88	north	
1495899335	54:66:12:08:25:4e	-88	north	
1495899336	ce:fc:9c:56:84:6a	-86	north	
1495899336	ee:8e:61:69:cb:da	-82	north	
1495899336	c0:97:27:13:31:75	-64	north	
1495899336	13:2e:ef:7f:0c:29	-58	north	
1495899336	ee:8e:61:69:cb:da	-88	north	
1495899336	08:66:98:e6:f3:3f	-60	north	
1495899336	c0:97:27:13:31:75	-64	north	
1495899336	2c:b4:3a:1a:47:3d	-80	north	
1495899336	54:66:12:08:25:4e	-86	north	
1495899336	c0:97:27:13:31:75	-64	north	
1495899336	2c:b4:3a:1a:47:3d	-78	north	
1495899336	d7:ab:2a:70:b1:f6	-78	north	
1495899336	08:66:98:e6:f3:3f	-58	north	
1495899336	6c:94:f8:e3:3a:ca	-90	north	
1495899336	c0:97:27:13:31:75	-64	north	
1495899336	01:f1:65:db:ba:6e	-88	north	
1495899336	13:2e:ef:7f:0c:29	-58	north	
1495899336	ee:8e:61:69:cb:da	-82	north	
1495899336	2c:b4:3a:1a:47:3d	-78	north	
1495899336	01:f1:65:db:ba:6e	-88	north	
1495899336	79:2c:f2:03:cc:2a	-88	north	
1495899337	d0:03:4b:17:2e:32	-88	north	
1495899337	08:66:98:e6:f3:3f	-58	north	
1495899337	13:2e:ef:7f:0c:29	-58	north	
1495899337	c8:69:cd:7f:43:b5	-92	north	
1495899337	ee:8e:61:69:cb:da	-82	north	
1495899337	c0:97:27:13:31:75	-56	north	
1495899337	47:91:1a:0e:94:0e	-60	north	
1495899337	2c:b4:3a:1a:47:3d	-82	north	
1495899337	ee:8e:61:69:cb:da	-82	north	
1495899337	c0:97:27:13:31:75	-56	north	
1495899337	c0:97:27:13:31:75	-54	north	
1495899337	ee:8e:61:69:cb:da	-88	north	
1495899337	d7:ab:2a:70:b1:f6	-78	north	
1495899337	c0:97:27:13:31:75	-54	north	
1495899337	ee:8e:61:69:cb:da	-84	north	
1495899337	79:2c:f2:03:cc:2a	-88	north	
1495899337	c0:97:27:13:31:75	-54	north	
1495899337	13:2e:ef:7f:0c:29	-60	north	
1495899338	00:07:80:c6:28:93	-84	north	
1495899338	2c:b4:3a:1a:47:3d	-76	north	
1495899338	1f:c6:94:f3:76:9d	-92	north	
1495899338	08:66:98:e6:f3:3f	-58	north	
1495899338	ee:8e:61:69:cb:da	-90	north	
1495899338	d7:ab:2a:70:b1:f6	-92	north	
1495899338	13:2e:ef:7f:0c:29	-58	north	
1495899338	c8:69:cd:7f:43:b5	-92	north	
1495899338	01:f1:65:db:ba:6e	-90	north	
1495899338	2c:b4:3a:1a:47:3d	-80	north	
1495899338	ee:8e:61:69:cb:da	-82	north	
1495899338	d0:03:4b:17:2e:32	-90	north	
1495899338	08:66:98:e6:f3:3f	-58	north	
1495899338	ee:8e:61:69:cb:da	-88	north	
1495899338	d7:ab:2a:70:b1:f6	-78	north	
1495899338	47:91:1a:0e:94:0e	-60	north	
1495899339	13:2e:ef:7f:0c:29	-56	north	
1495899339	79:2c:f2:03:cc:2a	-86	north	
1495899339	2c:b4:3a:1a:47:3d	-78	north	
1495899339	47:91:1a:0e:94:0e	-62	north	
1495899339	14:bb:6e:b0:c5:aa	-92	north	
1495899339	08:66:98:e6:f3:3f	-56	north	
1495899339	c1:91:01:2e:eb:17	-94	north	
1495899339	01:f1:65:db:ba:6e	-90	north	
1495899339	ee:8e:61:69:cb:da	-82	north	
1495899339	08:66:98:e6:f3:3f	-58	north	
1495899339	47:91:1a:0e:94:0e	-60	north	
1495899339	13:2e:ef:7f:0c:29	-60	north	
1495899339	2c:b4:3a:1a:47:3d	-76	north	
1495899339	13:2e:ef:7f:0c:29	-60	north	
1495899339	54:66:12:08:25:4e	-88	north	
1495899339	c0:97:27:13:31:75	-58	north	
1495899339	ce:fc:9c:56:84:6a	-92	north	
1495899339	2c:b4:3a:1a:47:3d	-78	north	
1495899339	d0:03:4b:17:2e:32	-90	north	
1495899340	c0:97:27:13:31:75	-60	north	
1495899340	c1:91:01:2e:eb:17	-92	north	
1495899340	d7:ab:2a:70:b1:f6	-78	north	
1495899340	00:07:80:c6:28:93	-84	north	
1495899340	13:2e:ef:7f:0c:29	-58	north	
1495899340	c0:97:27:13:31:75	-60	north	
1495899340	00:07:80:d2:02:15	-84	north	
1495899340	c0:97:27:13:31:75	-60	north	
1495899340	13:2e:ef:7f:0c:29	-58	north	
1495899340	c1:91:01:2e:eb:17	-92	north	
1495899340	ee:8e:61:69:cb:da	-82	north	
1495899340	2c:b4:3a:1a:47:3d	-80	north	
1495899340	c0:97:27:13:31:75	-60	north	
1495899340	08:66:98:e6:f3:3f	-56	north	
1495899340	47:91:1a:0e:94:0e	-62	north	
1495899340	01:f1:65:db:ba:6e	-88	north	
1495899340	13:2e:ef:7f:0c:29	-58	north	
1495899340	68:d9:3c:7c:df:da	-92	north	
1495899340	08:66:98:e6:f3:3f	-62	north	
1495899340	c1:91:01:2e:eb:17	-90	north	
1495899340	47:91:1a:0e:94:0e	-62	north	
1495899340	d7:ab:2a:70:b1:f6	-80	north	
1495899340	01:f1:65:db:ba:6e	-90	north	
1495899340	2c:b4:3a:1a:47:3d	-76	north	
1495899341	ee:8e:61:69:cb:da	-80	north	
1495899341	47:91:1a:0e:94:0e	-62	north	
1495899341	08:66:98:e6:f3:3f	-64	north	
1495899341	c0:97:27:13:31:75	-66	north	
1495899341	13:2e:ef:7f:0c:29	-64	north	
1495899341	79:2c:f2:03:cc:2a	-86	north	
1495899341	47:91:1a:0e:94:0e	-62	north	
1495899341	c0:97:27:13:31:75	-66	north	
1495899341	d7:ab:2a:70:b1:f6	-78	north	
1495899341	c0:97:27:13:31:75	-66	north	
1495899341	df:31:a7:d4:1a:00	-86	north	
1495899341	e3:3a:0e:40:fa:90	-70	north	
1495899341	ee:8e:61:69:cb:da	-82	north	
1495899341	08:66:98:e6:f3:3f	-58	north	
1495899341	ee:8e:61:69:cb:da	-90	north	
1495899341	c0:97:27:13:31:75	-66	north	
1495899341	13:2e:ef:7f:0c:29	-58	north	
1495899341	c0:97:27:13:31:75	-66	north	
1495899341	d7:ab:2a:70:b1:f6	-80	north	
1495899341	a4:77:33:ac:96:2f	-92	north	
1495899341	d7:ab:2a:70:b1:f6	-78	north	
1495899342	2c:b4:3a:1a:47:3d	-80	north	
1495899342	01:f1:65:db:ba:6e	-88	north	
1495899342	13:2e:ef:7f:0c:29	-58	north	
1495899342	c1:91:01:2e:eb:17	-92	north	
1495899342	47:91:1a:0e:94:0e	-60	north	
1495899342	ce:fc:9c:56:84:6a	-90	north	
1495899342	54:66:12:08:25:4e	-90	north	
1495899342	2c:b4:3a:1a:47:3d	-76	north	
1495899342	1f:c6:94:f3:76:9d	-92	north	
1495899342	47:91:1a:0e:94:0e	-62	north	
1495899342	ee:8e:61:69:cb:da	-88	north	
1495899342	08:66:98:e6:f3:3f	-64	north	
1495899342	01:f1:65:db:ba:6e	-90	north	
1495899342	c1:91:01:2e:eb:17	-90	north	
1495899342	13:2e:ef:7f:0c:29	-64	north	
1495899342	d7:ab:2a:70:b1:f6	-80	north	
1495899342	47:91:1a:0e:94:0e	-60	north	
1495899342	54:66:12:08:25:4e	-88	north	
1495899343	2c:b4:3a:1a:47:3d	-78	north	
1495899343	c0:97:27:13:31:75	-56	north	
1495899343	ee:8e:61:69:cb:da	-88	north	
1495899343	c0:97:27:13:31:75	-56	north	
1495899343	c1:91:01:2e:eb:17	-90	north	
1495899343	d0:03:4b:17:2e:32	-88	north	
1495899343	13:2e:ef:7f:0c:29	-58	north	
1495899343	14:bb:6e:b0:c5:aa	-90	north	
1495899343	c0:97:27:13:31:75	-56	north	
1495899343	df:31:a7:d4:1a:00	-84	north	
1495899343	c0:97:27:13:31:75	-56	north	
1495899343	ee:8e:61:69:cb:da	-88	north	
1495899343	d7:ab:2a:70:b1:f6	-78	north	
1495899343	13:2e:ef:7f:0c:29	-58	north	
1495899343	c0:97:27:13:31:75	-56	north	
1495899343	08:66:98:e6:f3:3f	-58	north	
1495899344	ee:8e:61:69:cb:da	-84	north	
1495899344	01:f1:65:db:ba:6e	-90	north	
1495899344	ee:8e:61:69:cb:da	-80	north	
1495899344	d7:ab:2a:70:b1:f6	-80	north	
1495899344	a4:77:33:ac:96:2f	-90	north	
1495899344	2c:b4:3a:1a:47:3d	-74	north	
1495899344	13:2e:ef:7f:0c:29	-58	north	
1495899344	08:66:98:e6:f3:3f	-62	north	
1495899344	ee:8e:61:69:cb:da	-88	north	
1495899344	d0:03:4b:17:2e:32	-90	north	
1495899344	47:91:1a:0e:94:0e	-60	north	
1495899344	ee:8e:61:69:cb:da	-82	north	
1495899344	1f:c6:94:f3:76:9d	-92	north	
1495899344	13:2e:ef:7f:0c:29	-60	north	
1495899344	c8:69:cd:7f:43:b5	-90	north	
1495899344	d7:ab:2a:70:b1:f6	-78	north	
1495899344	79:2c:f2:03:cc:2a	-90	north	
1495899344	c0:97:27:13:31:75	-60	north	
1495899344	47:91:1a:0e:94:0e	-62	north	
1495899344	68:d9:3c:7c:df:da	-92	north	
1495899344	13:2e:ef:7f:0c:29	-62	north	
1495899344	08:66:98:e6:f3:3f	-56	north	
1495899345	ee:8e:61:69:cb:da	-88	north	
1495899345	d0:03:4b:17:2e:32	-88	north	
1495899345	08:66:98:e6:f3:3f	-60	north	
1495899345	47:91:1a:0e:94:0e	-60	north	
1495899345	c0:97:27:13:31:75	-60	north	
1495899345	01:f1:65:db:ba:6e	-90	north	
1495899345	c0:97:27:13:31:75	-60	north	
1495899345	2c:b4:3a:1a:47:3d	-80	north	
1495899345	60:03:08:cb:f6:48	-92	north	
1495899345	13:2e:ef:7f:0c:29	-56	north	
1495899345	01:f1:65:db:ba:6e	-90	north	
1495899345	ee:8e:61:69:cb:da	-90	north	
1495899345	d7:ab:2a:70:b1:f6	-78	north	
1495899345	2c:b4:3a:1a:47:3d	-76	north	
1495899345	ee:8e:61:69:cb:da	-84	north	
1495899345	08:66:98:e6:f3:3f	-64	north	
1495899345	d7:ab:2a:70:b1:f6	-78	north	
1495899345	c1:91:01:2e:eb:17	-92	north	
1495899345	01:f1:65:db:ba:6e	-90	north	
1495899346	13:2e:ef:7f:0c:29	-58	north	
1495899346	6c:94:f8:e3:3a:ca	-90	north	
1495899346	ee:8e:61:69:cb:da	-90	north	
1495899346	01:f1:65:db:ba:6e	-88	north	
1495899346	2c:b4:3a:1a:47:3d	-78	north	
1495899346	d7:ab:2a:70:b1:f6	-78	north	
1495899346	08:66:98:e6:f3:3f	-60	north	
1495899346	c1:91:01:2e:eb:17	-90	north	
1495899346	d7:ab:2a:70:b1:f6	-88	north	
1495899346	c8:69:cd:7f:43:b5	-90	north	
1495899346	ee:8e:61:69:cb:da	-82	north	
1495899346	c0:97:27:13:31:75	-64	north	
1495899346	13:2e:ef:7f:0c:29	-64	north	
1495899346	2c:b4:3a:1a:47:3d	-82	north	
1495899346	c0:97:27:13:31:75	-64	north	
1495899346	08:66:98:e6:f3:3f	-60	north	
1495899346	c1:91:01:2e:eb:17	-92	north	
1495899346	d7:ab:2a:70:b1:f6	-86	north	
1495899346	01:f1:65:db:ba:6e	-92	north	
1495899346	2c:b4:3a:1a:47:3d	-78	north	
1495899346	d7:ab:2a:70:b1:f6	-78	north	
1495899346	ee:8e:61:69:cb:da	-82	north	
1495899346	08:66:98:e6:f3:3f	-62	north	
1495899347	79:2c:f2:03:cc:2a	-88	north	
1495899347	47:91:1a:0e:94:0e	-60	north	
1495899347	13:2e:ef:7f:0c:29	-60	north	
1495899347	2c:b4:3a:1a:47:3d	-80	north	
1495899347	d7:ab:2a:70:b1:f6	-78	north	
1495899347	08:66:98:e6:f3:3f	-60	north	
1495899347	47:91:1a:0e:94:0e	-62	north	
1495899347	d0:03:4b:17:2e:32	-90	north	
1495899347	ee:8e:61:69:cb:da	-82	north	
1495899347	98:d6:bb:25:ad:01	-92	north	
1495899347	47:91:1a:0e:94:0e	-60	north	
1495899347	13:2e:ef:7f:0c:29	-58	north	
1495899347	ee:8e:61:69:cb:da	-82	north	
1495899347	c1:91:01:2e:eb:17	-92	north	
1495899347	13:2e:ef:7f:0c:29	-60	north	
1495899347	08:66:98:e6:f3:3f	-60	north	
1495899347	d7:ab:2a:70:b1:f6	-84	north	
1495899347	47:91:1a:0e:94:0e	-62	north	
1495899347	d7:ab:2a:70:b1:f6	-80	north	
1495899347	e3:3a:0e:40:fa:90	-66	north	
1495899348	08:66:98:e6:f3:3f	-58	north	
1495899348	01:f1:65:db:ba:6e	-90	north	
1495899348	ee:8e:61:69:cb:da	-84	north	
1495899348	ee:8e:61:69:cb:da	-80	north	
1495899348	00:07:80:c6:28:93	-86	north	
1495899348	2c:b4:3a:1a:47:3d	-76	north	
1495899348	d7:ab:2a:70:b1:f6	-80	north	
1495899348	00:07:80:d2:02:15	-84	north	
1495899348	c0:97:27:13:31:75	-56	north	
1495899348	08:66:98:e6:f3:3f	-60	north	
1495899348	ee:8e:61:69:cb:da	-80	north	
1495899348	c1:91:01:2e:eb:17	-92	north	
1495899348	c0:97:27:13:31:75	-56	north	
1495899348	ee:8e:61:69:cb:da	-86	north	
1495899348	d0:03:4b:17:2e:32	-90	north	
1495899348	ee:8e:61:69:cb:da	-82	north	
1495899348	c0:97:27:13:31:75	-56	north	
1495899348	1f:c6:94:f3:76:9d	-96	north	
1495899348	13:2e:ef:7f:0c:29	-58	north	
1495899348	c0:97:27:13:31:75	-56	north	
1495899349	00:07:80:a3:98:39	-90	north	
1495899349	d7:ab:2a:70:b1:f6	-78	north	
1495899349	08:66:98:e6:f3:3f	-62	north	
1495899349	c0:97:27:13:31:75	-56	north	
1495899349	79:2c:f2:03:cc:2a	-86	north	
1495899349	47:91:1a:0e:94:0e	-62	north	
1495899349	1f:c6:94:f3:76:9d	-94	north	
1495899349	c0:97:27:13:31:75	-56	north	
1495899349	2c:b4:3a:1a:47:3d	-82	north	
1495899349	c0:97:27:13:31:75	-56	north	
1495899349	79:2c:f2:03:cc:2a	-92	north	
1495899349	13:2e:ef:7f:0c:29	-60	north	
1495899349	47:91:1a:0e:94:0e	-60	north	
1495899349	54:66:12:08:25:4e	-88	north	
1495899349	ee:8e:61:69:cb:da	-82	north	
1495899349	c0:97:27:13:31:75	-56	north	
1495899349	d0:03:4b:17:2e:32	-88	north	
1495899349	ee:8e:61:69:cb:da	-80	north	
1495899349	08:66:98:e6:f3:3f	-58	north	
1495899349	d7:ab:2a:70:b1:f6	-88	north	
1495899349	ee:8e:61:69:cb:da	-88	north	
1495899349	13:2e:ef:7f:0c:29	-60	north	
1495899349	01:f1:65:db:ba:6e	-88	north	
1495899349	2c:b4:3a:1a:47:3d	-80	north	
1495899350	14:bb:6e:b0:c5:aa	-92	north	
1495899350	13:2e:ef:7f:0c:29	-58	north	
1495899350	ee:8e:61:69:cb:da	-84	north	
1495899350	d7:ab:2a:70:b1:f6	-80	north	
1495899350	ee:8e:61:69:cb:da	-80	north	
1495899350	54:66:12:08:25:4e	-90	north	
1495899350	d7:ab:2a:70:b1:f6	-82	north	
1495899350	c1:91:01:2e:eb:17	-90	north	
1495899350	13:2e:ef:7f:0c:29	-60	north	
1495899350	08:66:98:e6:f3:3f	-60	north	
1495899350	2c:b4:3a:1a:47:3d	-76	north	
1495899350	47:91:1a:0e:94:0e	-60	north	
1495899350	ee:8e:61:69:cb:da	-84	north	
1495899350	54:66:12:08:25:4e	-92	north	
1495899350	d7:ab:2a:70:b1:f6	-80	north	
1495899350	2c:b4:3a:1a:47:3d	-84	north	
1495899350	ee:8e:61:69:cb:da	-80	north	
1495899350	d0:03:4b:17:2e:32	-94	north	
1495899350	08:66:98:e6:f3:3f	-60	north	
1495899350	d7:ab:2a:70:b1:f6	-84	north	
1495899350	47:91:1a:0e:94:0e	-60	north	
1495899350	a4:77:33:ac:96:2f	-94	north	
1495899350	13:2e:ef:7f:0c:29	-60	north	
1495899351	01:f1:65:db:ba:6e	-94	north	
1495899351	c0:97:27:13:31:75	-58	north	
1495899351	47:91:1a:0e:94:0e	-58	north	
1495899351	2c:b4:3a:1a:47:3d	-82	north	
1495899351	c0:97:27:13:31:75	-58	north	
1495899351	13:2e:ef:7f:0c:29	-60	north	
1495899351	79:2c:f2:03:cc:2a	-90	north	
1495899351	c0:97:27:13:31:75	-58	north	
1495899351	ce:fc:9c:56:84:6a	-86	north	
1495899351	08:66:98:e6:f3:3f	-60	north	
1495899351	c0:97:27:13:31:75	-60	north	
1495899351	01:f1:65:db:ba:6e	-92	north	
1495899351	d7:ab:2a:70:b1:f6	-80	north	
1495899351	c0:97:27:13:31:75	-58	north	
1495899351	c0:97:27:13:31:75	-58	north	
1495899352	d0:03:4b:17:2e:32	-92	north	
1495899352	08:66:98:e6:f3:3f	-58	north	
1495899352	13:2e:ef:7f:0c:29	-58	north	
1495899352	54:66:12:08:25:4e	-92	north	
1495899352	01:f1:65:db:ba:6e	-92	north	
1495899352	2c:b4:3a:1a:47:3d	-80	north	
1495899352	d7:ab:2a:70:b1:f6	-84	north	
1495899352	01:f1:65:db:ba:6e	-90	north	
1495899352	d7:ab:2a:70:b1:f6	-80	north	
1495899352	47:91:1a:0e:94:0e	-60	north	
1495899352	ee:8e:61:69:cb:da	-84	north	
1495899352	13:2e:ef:7f:0c:29	-56	north	
1495899353	47:91:1a:0e:94:0e	-62	north	
1495899353	2c:b4:3a:1a:47:3d	-78	north	
1495899353	c1:91:01:2e:eb:17	-92	north	
1495899353	08:66:98:e6:f3:3f	-58	north	
1495899353	d7:ab:2a:70:b1:f6	-88	north	
1495899353	d7:ab:2a:70:b1:f6	-80	north	
1495899353	c0:97:27:13:31:75	-66	north	
1495899353	13:2e:ef:7f:0c:29	-58	north	
1495899353	c0:97:27:13:31:75	-66	north	
1495899353	79:2c:f2:03:cc:2a	-86	north	
1495899353	2c:b4:3a:1a:47:3d	-78	north	
1495899353	d0:03:4b:17:2e:32	-90	north	
1495899353	c0:97:27:13:31:75	-66	north	
1495899353	08:66:98:e6:f3:3f	-58	north	
1495899353	d7:ab:2a:70:b1:f6	-80	north	
1495899353	c0:97:27:13:31:75	-68	north	
1495899353	d7:ab:2a:70:b1:f6	-78	north	
1495899353	01:f1:65:db:ba:6e	-90	north	
1495899353	c0:97:27:13:31:75	-68	north	
1495899354	d7:ab:2a:70:b1:f6	-86	north	
1495899354	ee:8e:61:69:cb:da	-90	north	
1495899354	08:66:98:e6:f3:3f	-58	north	
1495899354	13:2e:ef:7f:0c:29	-58	north	
1495899354	c0:97:27:13:31:75	-68	north	
1495899354	2c:b4:3a:1a:47:3d	-80	north	
1495899354	e3:3a:0e:40:fa:90	-64	north	
1495899354	ee:8e:61:69:cb:da	-80	north	
1495899354	c1:91:01:2e:eb:17	-92	north	
1495899354	ee:8e:61:69:cb:da	-88	north	
1495899354	d7:ab:2a:70:b1:f6	-80	north	
1495899354	13:2e:ef:7f:0c:29	-56	north	
1495899354	08:66:98:e6:f3:3f	-56	north	
1495899354	00:07:80:d2:02:15	-82	north	
1495899354	ee:8e:61:69:cb:da	-80	north	
1495899355	08:66:98:e6:f3:3f	-58	north	
